1.630540032489079305e+00,2.437175075895536835e+00,2.132424343356852603e+00,5.117500505014417334e-01,1.164306256202742862e+00,3.059627821440512818e+00,2.416950139164971034e+00,1.008268043385208035e+00,4.425964673148341522e-01,-7.107689857729448946e-02
4.813051656014959434e-01,2.347115341272941524e+00,1.153175107345271844e+00,2.921622914132327997e-01,9.991925682083051541e-01,2.264232318503510477e+00,2.316558699011168621e+00,-8.505322179802421445e-01,-9.118629542239831132e-01,-4.711700849886247267e-01
1.446438162865506971e+00,2.241521762101651660e+00,1.539159324087115754e+00,1.188300639892887256e+00,2.204811381762539657e+00,3.914076497167963797e+00,3.256444454190026150e+00,8.178928495923569741e-01,1.365165757287570392e+00,9.627391568548850920e-01
1.108851834420299554e+00,2.803235307812983024e+00,1.408912616280889818e+00,2.400508197100434948e+00,8.495378902134144150e-01,1.959261144017430123e+00,2.344078971743256190e+00,2.204899228813644196e+00,1.033507579650768005e+00,1.118390942394765109e+00
3.138697735036518610e-01,7.181159246294182008e-01,1.827272113384826868e+00,-5.249499396418795261e-01,-2.889695852737139137e-01,4.060426220388808627e-01,1.049400653477713607e+00,1.273554469459724059e+00,1.391885738016940821e-01,-1.176158998251144450e-01
9.688877910372650781e-03,1.912013705772233507e+00,1.862405730837533913e+00,-9.991717126058459186e-01,-5.039971502721141139e-01,5.954279597816958258e-01,-5.137662708317696225e-01,4.894984747510197076e-01,-2.671808540280175559e-01,1.562132576559338015e-01
7.380407998820117665e-01,2.316932204043656185e+00,1.601439616474372052e+00,1.033103336387049431e+00,7.145270663230612884e-02,1.598336294499962618e+00,2.556731521255295458e+00,1.601965614695216866e-01,8.476114782402166536e-02,-2.804968391690320084e-01
2.336241812950994312e+00,1.870044276669295513e+00,8.034436117615301187e-01,1.171245944004528639e+00,-2.328907320882827037e-01,6.314719604843374023e-01,2.609513752382737195e+00,2.160402923643635287e+00,1.333396836013683640e+00,-3.584741585113548901e-01
4.484920563936718452e+00,4.444351212725460520e+00,2.352892327724096955e+00,1.381681924546100060e+00,2.175387959329221133e+00,1.457184032379305938e+00,2.892794518601306653e+00,2.088059991912696312e+00,1.016062116299581097e+00,5.283231154320128242e-01
2.801801259011064804e+00,3.647401092579099835e+00,4.187694401804765043e+00,2.260072117554631443e+00,2.719268436053097204e+00,2.357655932837034563e+00,2.535259652612606551e+00,1.283871682187111674e+00,4.192037647146426016e-01,-1.547585587449262778e+00
2.642150472091037816e+00,4.260602701792772784e-01,1.604976010899652472e+00,9.540520665186695837e-01,1.185668738475802009e+00,1.467671047300971310e+00,1.567580997598022385e+00,1.082703626761718940e+00,-1.355454004076065644e+00,-1.079869217149110661e+00
3.161023503184152261e+00,-3.310727411310829260e-01,5.607011309455789405e-02,3.846104428653425167e-01,2.022554379266915614e+00,2.662322905864437095e-01,-4.544248575940923462e-02,6.013176178540563521e-02,-8.697363680272941489e-01,-2.615528283327080317e+00
1.500312639140791049e+00,6.261985206818950767e-01,-1.156515346089879381e+00,-2.295528064815682279e-01,2.422715424078505819e+00,-6.660592617613253497e-02,-5.602968763155535825e-02,-4.810712034560412631e-01,3.441464678286063616e-01,-1.024361987483333847e+00
-7.756509127956867644e-01,3.680894874832633112e-01,-1.521280830126432448e+00,-2.296124540619053356e+00,2.468199960464766418e-01,1.803112227433595338e-01,5.725393990856180171e-01,-2.204082286344979824e+00,-1.872574891637248440e+00,-7.066035517825163259e-01
2.551568681657856441e-02,3.499351463407278651e-01,-2.104639388795566557e+00,-1.204032926260265590e-01,-4.095886479326240615e-01,-1.355782895709454428e+00,8.697131771763578767e-01,-7.388478538334054546e-01,-2.294527853951340290e+00,5.793980122763968676e-01
-9.490566847894656988e-01,4.048281651202522702e-01,-1.052074195462004536e+00,-1.114997472745255624e+00,-6.231073440719481216e-01,-1.590870688716902182e+00,7.315294743703200098e-01,-1.279841668872349292e+00,-1.896581852596509243e+00,-7.584883368299544237e-01
-1.550031545891632501e+00,1.134302490315482137e+00,-1.813935234812121156e+00,-2.524218411572733523e+00,-2.564100046354551576e+00,-1.612995942944411398e+00,-7.196173134290329010e-02,-6.316454990279753989e-01,-5.875384599242988726e-01,-2.126433765593240377e+00
-1.854955938382955694e+00,6.724998339036409867e-01,-2.366189244629105737e+00,-1.588752254897885852e+00,-1.609154675403989376e+00,-2.219082901595574864e-01,5.916051060542033557e-01,8.024982191074889748e-01,1.163811268042451053e+00,3.638947521993067813e-01
-5.192573263319888444e-01,3.367416009671193589e-01,-1.008114736406431344e+00,-2.236962887922080867e+00,-1.083040343876511269e+00,2.054869910982130565e-01,-2.639710018706875605e-01,2.672604653509704775e-01,-2.116333585078124635e+00,-1.842243002120119988e-01
-2.849022760200151438e+00,-1.237076024965916066e+00,-2.342835275747900958e+00,-2.128751887931812359e+00,-1.995053313744336698e+00,-8.785091875810179252e-01,-3.043493614454656493e-01,7.041081779447858624e-01,-1.245321614975828162e+00,5.240131911958596511e-01
-2.919727032004022504e-01,-3.700633422786292481e-01,-2.030489536145429597e+00,-1.449524509128554017e+00,-3.859595727609667071e-01,-6.961953340794418965e-01,1.402896988682252877e-01,1.974163294399351010e+00,-2.445858173130917468e+00,7.786832693310524744e-02
4.002299414961026369e-01,-1.492157921554595479e+00,-9.118974887689912379e-01,-5.382041152945110651e-01,1.786117224687938876e+00,-9.965641950849839503e-01,1.064974707665305775e+00,1.453607440611047963e+00,-2.886924135898722987e+00,1.460737578522096181e+00
-2.311129312779220513e+00,-1.319876923378167088e+00,-2.224063792538812478e+00,7.556157654851075600e-01,1.052600214817643209e+00,1.771226007253805967e+00,-1.416954268931638339e-01,8.886896767333655189e-01,-1.874981558259876113e+00,3.367020753319061033e-01
-3.190422200022460686e+00,-1.374060984467838420e+00,-2.063900392549798291e+00,-1.379436390652178268e+00,-6.808202559537471776e-01,-1.686138424725132090e-01,-2.039125164028780191e+00,1.151626527945914136e+00,-8.011179080314463352e-01,-7.103251803508331408e-01
-2.333806815395989442e+00,-1.465121564556485456e+00,-1.807715285224001711e+00,4.534854315652325774e-01,1.077986024944856513e+00,-3.684269493655427663e-01,-8.738735215601883821e-01,2.079516470971384479e+00,6.788523701819150213e-01,-7.641305394998800793e-01
-3.087583202403018312e+00,-1.988914814146436116e+00,-1.436706229732885864e+00,-1.576230866752452719e+00,-1.244236192394346352e+00,-5.284647471287096110e-03,-3.896687911444839947e-01,7.759501390156859912e-01,4.997849191882035025e-01,-2.356827280827111792e-02
-2.056097821586211793e+00,-8.721449933422389389e-01,-1.250194308024415779e+00,-2.345572506400503077e+00,-3.172785501241050632e+00,2.773273507451934350e-01,-1.360635600047804150e+00,8.716237868583971427e-01,6.954599418011399026e-01,-2.148326681810325045e+00
-2.288102835659052481e+00,-1.416146489526059815e+00,-7.535554554676711092e-01,-2.040607671667550083e+00,-2.897068700583574241e+00,-7.183134101300705510e-01,-7.411799728838740497e-01,-3.980399197500892328e-01,-1.819227987528404533e+00,-1.019897021836492224e+00
-5.345514305216553241e-01,-9.813041890780582754e-01,-1.551933753550882589e-01,-7.174120422454741686e-01,-1.178849477072625440e+00,4.970099027007858217e-01,-8.071243113329346075e-01,-1.630130175101336398e-01,6.132195930603179246e-01,1.950191076655071187e-01
-9.718856563553650574e-01,-8.166959093401251479e-01,6.274421410921214859e-01,-1.821849796162466451e+00,-1.153202595167667877e+00,-2.938274635731004114e-01,-1.559215513545957332e+00,3.457561032352595154e-01,-2.262422494268827577e-01,-8.254062195875073726e-01
-6.907328539725974270e-01,-1.774521626246881922e+00,-1.201084256865635247e+00,-1.472738936796724074e+00,-9.950120552685377540e-01,-1.155903161318324823e+00,-1.368321110217356473e+00,-1.125612793189219474e+00,-4.890708282461750933e-01,4.202403231651922755e-01
-1.551718493881892647e+00,-3.422480126641749720e+00,-2.109845904318029319e+00,-1.540530938497608471e+00,-9.762662651522111545e-01,-4.804158875901265446e-02,-1.966519134662939372e+00,-4.068241923581189523e-01,-5.325381928521022434e-01,-1.979588268532251338e-01
-4.070992936718587085e-01,-2.893345507367342861e+00,-2.626457032362987221e+00,-5.396295434339649644e-01,-1.868736406358716851e+00,1.171265027091148214e+00,-2.873818826384363367e-01,5.774361359713671149e-01,-6.467580111006678845e-01,1.433747022270221549e+00
6.405262628153541860e-01,7.402049628448414964e-02,1.445137554183855144e-01,1.626689877100447212e+00,-8.319910087420872014e-01,9.549687541969080762e-01,-7.294089384670696674e-01,3.810561472542227657e-01,-1.745639066540935147e+00,-1.283980327970110080e-01
5.367314622173688932e-01,1.376354959981779258e-02,2.941769919320055826e-02,-5.774226407992378851e-01,-1.532799000489643237e+00,-7.009521703043153362e-02,-4.442673602246709486e-01,-1.843371784657002799e+00,-1.469736649814537444e+00,1.051218077732991141e+00
2.627964034813438654e-01,-7.927758025395483799e-01,-5.955092939796831075e-01,-1.304731507691039016e-01,-3.770088677653112286e-01,4.896630956419478764e-01,-5.742156798208613022e-01,2.192975430600574871e+00,-1.751226666666815479e+00,2.721023140121398010e-01
3.141695774199808611e+00,4.517345022559086098e-01,5.055145489104682088e-01,-3.193723544974200884e-02,-1.396564955353577275e+00,9.892530756893067601e-01,3.486568020972288795e-01,1.354113387425568860e+00,-1.314443707534167061e+00,1.479452535160325155e+00
3.304147939105938292e+00,1.938023783044294346e+00,2.163421332247239537e+00,-2.556469418523605319e-01,-1.186589064270769267e+00,2.627179832948860483e+00,-3.404586198387465901e-02,-5.105396710061563814e-01,4.924020642544818527e-01,-8.436121605061157602e-01
3.165607174524237788e+00,-4.593114391547901132e-01,3.522506177851129072e-01,3.660584882263961948e-01,-4.960738300912552745e-01,2.194037503051633031e+00,-1.898052366433827798e-01,-8.260979056767765449e-01,2.663072864197667311e+00,3.898623376682247565e-01
2.448516374595565370e+00,-2.726802406238066356e-01,1.267607637825978406e+00,7.572015034553926105e-01,-4.620391583093375054e-01,2.738303529314976892e+00,1.061916627056438189e+00,-1.404127342091441966e+00,1.917044659862026323e+00,1.473091598928624402e+00
3.187842941563030053e+00,2.371033305219989007e+00,1.487004844618078137e+00,6.135754764862749733e-02,4.314176423326701593e-01,3.224610765892737430e+00,1.270658866412865073e+00,2.005288979080827039e-01,8.111295687711095326e-01,1.721195458042112492e+00
2.575975601625719591e-01,1.998638134072387329e+00,5.507410354792064977e-01,3.956582861564372777e-01,-2.168374992953383540e-01,1.698513276149225870e+00,1.436035679974783097e+00,-2.468064973712329468e-01,2.252354797382621898e-01,1.138198852433584873e+00
-9.865744719154246889e-01,-1.988698965007011932e-01,-2.038125385435946679e+00,-1.925608493925315301e+00,-1.480233570824146749e+00,4.629537788647721808e-01,1.344075339683712622e+00,-8.532323983846130666e-01,-4.848242595044113257e-01,4.088743195602981828e-01
-7.968020708571799116e-01,-1.396206361767774906e+00,2.621903073013318597e-01,1.351134765052389719e-01,1.572992693572996536e-01,7.546972017420016110e-01,-8.436966325542600842e-01,-4.587903634123876029e-01,-1.501002735500656771e+00,6.890011318591726663e-02
7.792306498284473637e-01,-4.561328693116104560e-01,4.666555674323358827e-01,4.501383633037449594e-01,1.224937252754659950e-01,-3.903020612829395941e-01,1.684382444275915880e-01,1.786137102626223494e-01,-2.803629756628688297e-01,-1.577498457435838386e+00
1.913307565771762420e+00,6.720016499004314303e-01,-7.800097711604617179e-02,-7.121894551076415336e-01,-3.674050575096830529e-01,-1.480923677522107074e+00,-2.559497040277864954e+00,-9.694963234073962211e-01,-1.412480222178425837e+00,-1.256550165529102703e+00
-9.087773814167023900e-01,-1.903225800208566021e+00,-3.680292576265506987e+00,-1.893016464395238518e+00,-2.445665072934067208e+00,-1.933272309333160743e+00,-3.381435504145516191e+00,-1.967893589843978885e+00,-1.979376399540780707e+00,-9.265445441654378556e-01
1.334107121467805745e-01,-1.634928087681435604e+00,-2.908825328821602163e+00,-2.095676936795901835e+00,-1.268756100378397367e+00,-1.205832099239398492e+00,-1.005640581299309000e+00,-8.925686912960472119e-01,-5.655088027354129299e-01,-3.138089864863849443e-01
1.853313052349650825e+00,1.008972374697189256e+00,-7.047159122441739587e-01,1.889955418546330979e+00,9.485139512194818989e-01,2.907518524740004828e-02,6.966631509949370304e-01,4.452548887964821844e+00,7.284148316093034259e-01,6.207365978374767002e-01
2.421854735916583845e+00,1.436770895386607627e+00,1.549612301183719953e+00,1.698097785446332164e+00,2.021888814107922094e+00,1.683195346497373235e+00,6.652604747897967741e-01,2.189041241359117596e+00,-9.158725781255474541e-01,6.531993699275613352e-01
9.699440962932707189e-01,5.283327498140207856e-01,5.752879473415568601e-01,-5.613052029605027915e-01,5.566156953927487994e-01,-8.073765648548407725e-01,7.642166968240645675e-01,4.241049150906215370e-01,3.107800178892441978e-02,-7.520190682840849350e-02
2.441567200749887423e+00,1.947769401818947532e+00,9.313747199866712068e-02,5.793052256384936261e-01,6.065438393955101537e-01,1.768700258023357286e+00,1.954429069814913045e-01,1.872426450470463077e+00,-4.801416062574458965e-01,-2.256478111454155722e-01
6.762983482288229542e-01,1.213038687827654671e+00,-1.933819754912676769e-01,9.522049610924206986e-01,-3.445128856099732850e-02,1.930134417246031742e+00,2.251353379570825708e-01,1.109342938231947739e+00,-4.591419352170320600e-01,-1.330257844193774297e-01
2.186827130784189110e-01,1.097546100048921502e+00,-1.523941244527312611e+00,-7.104639181870723297e-01,3.296800415937473083e-01,1.196873576174763087e+00,-2.045525906845354347e-01,-4.739277749244713567e-02,-2.658830811025217344e-01,-5.931367462959898085e-02
2.590858682537328650e-01,-1.500978847545266781e+00,8.102701951238561184e-01,1.480949440697030273e-01,-4.456561553282057386e-01,-5.437728440142921560e-01,-5.991883282328546168e-01,-5.214324614342679132e-01,2.042719807327099957e-01,1.238381869320909878e+00
1.061005772606179898e+00,-4.784363779855532073e+00,-1.350223406879857091e+00,-3.607792632658927134e-01,3.681471438105812788e-02,-6.402671156214687631e-01,4.163716807796171149e-01,-1.210419323409154257e+00,-7.214322798506656031e-02,6.304267026249081862e-01
6.575772924414671206e-01,-3.178689778743647665e+00,-1.549976894910487735e+00,2.079133797879697099e+00,2.711667170381018566e-01,-5.115666833928195212e-01,2.750189066824384465e-01,-2.982790904424637013e-02,-1.003271376617490551e+00,1.770912858366455067e+00
-1.905493660461717864e-01,-4.143555322894627579e+00,-1.145356232300338117e+00,-1.888822709519535348e-01,6.535176329910530324e-02,-4.424468189375104221e-01,-2.696436816230333822e+00,-1.430207663623211278e+00,-2.122790267049903257e+00,9.987481755927979377e-01
1.101738376588721868e+00,-2.445141248872315654e+00,-5.966930757255629603e-01,-1.639049213838927876e-02,-1.032101576131297715e+00,-1.388637103214852342e+00,-1.489960434777032106e+00,-6.201558524209782597e-02,-1.830220944797294358e+00,-9.752103407017465031e-02
7.642630187325193392e-01,-2.725970378108302672e+00,4.283431537595659422e-01,1.362098519210718006e+00,-8.456815950606528798e-01,-1.737522329262224385e+00,-7.502803539790355858e-01,-9.339552489263247548e-01,-3.744452594020333258e-01,6.758158409860898219e-02
5.520958640077435753e-01,-1.589474170217842541e+00,-1.525488110771529238e+00,7.944755746905554084e-01,1.302167535944871168e-01,-1.020976140144754796e-01,7.636317044455820380e-01,9.001771917863292671e-01,-6.345939120415724499e-01,-3.349383982131274307e-01
1.679031524106682771e-01,-1.388438874415881541e-01,8.801374429657811138e-01,2.050935093716005131e+00,-1.561182541457550199e+00,-6.629676617446044196e-01,-4.462188111797490975e-01,1.388439266363925562e+00,-1.456586649720735149e+00,-2.130237454882671910e-01
6.339987439653764489e-02,-3.645500974513823933e-01,8.961424889477465072e-01,9.791317430822708001e-01,-2.045197738164581835e+00,-3.852999496859661477e-01,2.138496010678165027e-01,4.236846837512936448e-01,-1.808356775781805315e+00,-1.110633766874025818e+00
-1.453134402811190329e+00,-1.912096302494660227e-01,1.634693250371184625e+00,1.501349246940070215e+00,1.421263258900435922e-01,-1.410696811309656962e+00,-1.381127758556561780e-01,5.153053832767311437e-01,-2.269617538470628526e-01,-8.237319386908393826e-01
-6.229519664691127723e-01,1.793972813235415353e+00,3.841450967437026076e+00,2.457639666828610903e+00,1.840158685580037146e+00,-1.053491191079638289e+00,1.186505097634063643e+00,1.433252488004667757e+00,-9.406560285220966211e-01,-4.752251196206552231e-01
-1.770841178889208112e-01,2.879569194090652040e+00,2.999843689721924278e+00,-1.904420525796917119e-01,5.274788568185125870e-01,-5.670152087952576858e-01,1.245223448858515436e+00,3.488167146984741396e-01,-7.503559774625204737e-01,-2.832121858558830141e+00
-6.032115899646828261e-01,1.002700952123071643e+00,4.074027931930452318e-01,-9.844293366732876915e-01,3.229515607461684867e-01,-6.300701820474192694e-01,-4.098933245883593646e-01,-2.368159209114554908e+00,2.746039711230151004e-01,-2.071111262402415054e+00
-1.078568120882569925e+00,-6.591584883123089433e-01,-1.326209847558387445e+00,-1.242100573787884299e+00,1.786574775569331752e-01,1.102898768162930754e+00,7.598565761470033042e-01,-2.662901225359312063e-01,-1.363439176309257927e-01,-6.758974704465974259e-01
-9.633529534847145026e-01,-1.312421267954511084e+00,-2.502395324099451202e+00,-2.175891463171991447e+00,2.061581284232212874e-01,-2.216304180321544415e+00,-1.355345330190262931e+00,-1.620731911185949503e+00,-4.246604443491378555e-01,-6.956641658629258984e-01
2.522197666747114653e+00,-2.129743404820725328e+00,-2.117522540549757082e+00,4.990543213665179501e-01,1.552574745188598504e+00,-9.123098898791567324e-01,-6.460455510922545885e-01,-1.452143767961240339e+00,-1.702775460002303287e+00,1.526487582182889380e+00
1.026315059495041426e+00,-1.964252179591802427e+00,2.515275034713084779e-01,7.732806234902227516e-01,6.151792877925744696e-01,6.617395238192519402e-01,-5.078145681041184023e-01,-1.411075786178880964e+00,-3.137642101763630897e+00,2.279063965499609212e-01
1.574683242027251628e-01,-2.033851308390965063e+00,-8.698437846388673567e-01,6.584607811019993484e-02,5.898634641379485455e-01,9.382295216949054772e-02,7.198376718723707990e-01,8.802036994575845874e-02,-2.338360566131481022e-01,1.048331401430128151e+00
2.644182268769401656e-01,-1.548367378832084640e+00,-1.049422607415617215e+00,1.706374463080945869e+00,1.370683354322364877e+00,1.527964378239388132e-01,9.504710261763258394e-01,-1.352555091369940676e+00,-1.358793756721372370e+00,-5.816055826668208306e-01
-1.597551041636784186e+00,-6.047856665617240557e-01,-8.889375458619248604e-01,1.507227475500709568e+00,1.390277154972920703e+00,1.899882564210651603e+00,4.351160922699746636e-01,-1.053672264770166844e+00,-1.079294325108216102e+00,-8.023364587410785065e-01
-2.323648669929438526e+00,-6.537860341763941374e-01,-2.277038959275768271e+00,-1.871989241621385691e+00,-9.352446605209371322e-01,-3.420377451310344652e-01,-1.130615956557449397e+00,3.640088736114717172e-01,-1.400735009578469636e+00,1.639584864566569156e+00
9.750498046232929372e-01,-1.768853978820305040e-01,-8.689718634590068991e-01,1.888443334010508901e-02,-7.193526193109942568e-01,1.970609928184303694e+00,-7.312577177439945064e-01,-2.641499596738561273e-01,-2.088574172353363956e+00,3.515187472014565939e-01
1.151363517512584700e+00,7.491476688355291902e-01,4.165504910215812595e-01,1.533757091252394567e+00,-1.139026661623778081e+00,-3.308521114973812516e-01,1.120561280407264215e+00,2.742884396564643779e-01,4.338207491307717323e-01,-4.822622680516610028e-01
9.069441145777079605e-01,9.797113108398238790e-01,-4.283417711977301479e-01,7.386939605281078736e-01,-2.115497600341205153e+00,-1.185303154720368513e-01,5.099341093697312699e-01,-6.321120376341593516e-01,-9.023397883791373086e-01,-3.403094652767977846e-01
4.763468789883008592e-01,-7.176165424528169190e-01,-6.134371803499840681e-01,9.942117273127213384e-01,-8.416636631958118731e-01,-1.674134612427629953e+00,-9.256370730689222892e-01,-3.710863655556407292e-01,-1.550798636278281961e+00,2.121160936665392738e-01
1.345524218627074386e+00,2.535421460979979669e-01,4.884099651365041428e-01,1.465565673509815037e+00,-1.618834278315202990e+00,-7.823355639175710863e-02,-9.379350271293696029e-01,9.633906260594203852e-01,1.059860681226982404e+00,-1.067259875961272142e+00
-6.438876455081422590e-01,-5.522952518209759409e-01,-1.220323321310678111e+00,-6.943964756957761164e-01,-1.668703823562071031e+00,-1.591411757472054544e+00,-1.591348113933170660e+00,-1.262814645933761470e+00,-1.417379537674241519e+00,-7.928564654749534757e-01
-1.822360025217250712e+00,-3.194284591604529489e+00,-3.666699519881753577e+00,-5.219125817327776584e-01,-8.574955712800623742e-01,-2.499030511515511144e+00,-1.086278518725965592e+00,-1.287364538569242933e+00,-1.055705466548866323e-01,-9.212009283032933649e-01
-9.741664612931916212e-01,-2.545960236153829825e+00,-2.062289673392160960e+00,-1.949023905607564444e+00,-1.639688435003985756e+00,-2.051365080936311536e+00,-1.003371790577015865e+00,-1.171609081489651594e+00,-1.036609468522950994e+00,-4.050727062896875008e-02
5.859253888054026804e-01,-2.574247304327519359e+00,-1.490078970643436085e+00,-6.313049376635450072e-01,-2.085579490709959849e+00,-1.591001583953607579e+00,-1.816856156986308202e+00,4.008676649294453109e-01,-1.555051017075693709e+00,-2.735754517439169531e-01
-2.885469993351780227e-01,-2.174170809077399902e+00,-7.757819226426395653e-01,-2.111832784884889236e+00,4.243204122936463651e-01,3.510906357460684690e-01,1.671636600141084283e-01,1.115955993166544813e+00,-1.151208487476147013e+00,-5.446541662253554517e-01
-2.361246844740833684e+00,-2.294090286892550345e+00,-1.439593837317043046e-01,-3.375766773360766582e+00,-1.459753115968470127e-01,-3.818341386726875619e-03,-7.965755457330715439e-01,8.509249310101483221e-01,-1.167117164519399175e+00,-1.007272211810655627e+00
3.573003513190560199e-01,-1.229633903339613532e+00,2.450916938718727511e+00,-1.531159852829766077e+00,1.148386513840375045e+00,-1.026210335558949360e+00,1.340250717546971337e+00,3.453345071899218688e-01,1.162512611542080965e+00,7.568307937628182547e-02
7.182966959846965871e-01,4.818939234142810557e-01,2.952201238037618580e+00,-5.144885992273289244e-01,1.481501326061154700e+00,1.304321233424620585e+00,2.854760398289958534e+00,-5.304850208577808202e-01,-3.805320243190609686e-01,1.000941852469254600e+00
-1.562618584314615422e+00,2.695508180482700578e+00,8.075929534671745236e-01,1.380599578422569418e-01,9.531777214321344172e-01,5.985813022977143349e-01,8.313600386654296237e-01,-1.990321319089093155e+00,1.807900041360475551e+00,2.722277383874873724e+00
-5.530004108175510247e-01,3.635533655875544667e+00,1.147073440832791391e+00,2.431711174516809848e+00,8.203195287176736628e-01,2.599544420594464444e+00,-1.229994182154728333e-01,1.197083160040136818e+00,3.494267425361273105e+00,1.463550942027223467e+00
-4.123261541189957025e-01,1.705241242771143195e+00,7.393282586000227141e-01,-5.559238883074184567e-01,-6.978695256853162388e-01,3.713318029645562568e-02,1.181612189509398281e+00,1.219428270767782596e+00,2.163550322092475220e+00,-3.440004882956686494e-01
-9.603236811504078929e-02,4.335826829360567292e-01,1.643859521622274000e+00,4.318219365350811079e-01,7.818435504308937078e-01,4.771365620645580674e-01,3.669545000757588937e+00,1.171443554200857662e+00,1.125610611434698871e+00,3.084679814111059015e-02
-1.493610957961077901e-03,9.607701020606177478e-01,2.413425843016651751e+00,9.725960151369951179e-01,-1.882665547838696662e-01,-2.335360044971347415e-01,1.836628586668346053e+00,-5.744557694429155426e-01,-1.118773597172105339e+00,1.204190727980257503e+00
1.251954482436135718e+00,2.752144071873559916e+00,2.071736719800180815e+00,9.015831184884954830e-01,-8.996618599428900520e-01,9.876953649411140956e-01,5.897364041061681217e-01,-1.709036504775442999e+00,7.020719430923754167e-01,8.343288995318640655e-01
-1.067967483705367648e-02,7.043430322171221336e-01,1.893838621802065303e-01,-7.501361495616265529e-02,-7.192134779078850348e-01,6.546024573439784833e-01,-2.722764483578098416e-01,-1.533559696532569738e+00,1.510324603075842820e+00,-2.426558040803885596e-01
-4.608094864608015540e-01,2.763480980934617248e-01,-1.285381156211046649e+00,-2.147746824789029119e-02,-1.366679836275268123e+00,-1.384523372168737776e+00,-9.054306389657490461e-01,8.190068856484356008e-02,-3.381612631096176935e-01,-9.231676811400417737e-01
2.101127794667688065e+00,6.357037168720678366e-01,8.105977530593944103e-01,5.009334692211447893e-01,-2.546846031639302677e-01,-3.799437450882336975e-01,5.292453710384561472e-01,1.817743981181189294e+00,1.074330119545417350e+00,4.135276136979282313e-02
-4.259701930494392830e-01,3.648961726693525365e-01,2.612100489246270030e+00,-3.900173808931810537e-01,-5.210940994676254157e-01,-6.559144388516952029e-01,-1.545320535546502505e+00,-2.751721222669634148e-01,1.906486357897204664e+00,6.566566330769767479e-01
1.374517661749994346e+00,7.088902362344470243e-01,2.817885499546031181e+00,9.902406990241683360e-01,1.512668923324718584e+00,5.539132302344912384e-01,-1.061328567775620346e+00,-1.635884174883642794e-01,3.488473943633558783e-01,-2.577846201724889874e-02
-4.829320808256577502e-01,-4.935018658386801649e-01,6.380185312312707246e-01,2.047951835578079027e-01,-1.048778015396919949e+00,5.905311736198912698e-01,4.030381302679550970e-01,-1.667223518927920090e+00,8.244614087719723816e-01,1.604071349231160071e-01
-3.979643135390095732e-01,7.802230001434470319e-01,-1.938923209793641300e+00,9.687569377285824013e-01,-6.487888773784767915e-01,1.063527186982240247e+00,8.171990200348057121e-01,-1.356837575977850818e+00,-1.952684656894216886e-01,-1.000916373531249626e+00
-1.577617924861899779e+00,1.391744409030643670e+00,-1.596128693768646745e+00,1.346114027573620753e+00,-9.609386271132378532e-01,-2.233815937904251037e-01,1.239299169479670670e-01,-2.625760811127437200e-01,8.429053712014886734e-01,7.775475409369709823e-01
-2.266341984974188595e+00,2.376260792923720055e-01,-6.653610634300299864e-01,2.827127524840005179e-01,-1.472164061205187391e+00,1.569026991861621756e-01,-2.873157686210514594e-01,3.639487001649983622e-01,1.013110504721325356e+00,2.896103164043388190e-01
7.616159342890510553e-01,5.090217354214818801e-01,2.531811011470444406e+00,1.468599536529767047e+00,-1.073617867563416706e-01,5.208087509322091302e-01,-2.276185362417598168e-01,8.536332598266942462e-01,1.747459501297333739e+00,-8.256149734104789584e-02
1.883399837021714651e+00,1.348797657028452335e+00,3.103087038704835265e+00,6.171755586212808176e-01,-3.708967576354794682e-01,2.920163325276546651e+00,1.103060579067074665e+00,-3.210583836818081682e-01,2.260685391500572905e+00,8.042766858411980468e-01
7.786155552418917436e-01,1.741584226238036548e+00,1.790049466379858289e+00,6.747479493797570171e-01,7.509279653453653225e-01,2.148593067341209029e+00,2.369563375958545492e+00,-1.121470400883882501e+00,2.001889024488396451e+00,1.087039684550759056e+00
8.450698116559713924e-01,1.955748130218710745e+00,1.274683808194441825e+00,3.278961738686928529e-01,1.001511270730868430e+00,1.551222427355870126e+00,6.866078060306004538e-01,-2.098303877638621362e+00,1.997278160432384153e+00,3.334123735362264362e-01
-2.031287394594984974e-01,-1.121291715215479989e-01,2.310954232938901010e-01,-2.411890653597143164e+00,6.855145892839813460e-01,4.099733620154462077e-01,1.407995989844049500e+00,-9.754776074743158887e-01,1.423572355455058558e+00,-1.333796421183179870e-01
-1.972375999078044284e+00,7.484477752914541204e-01,8.239522032896073878e-01,4.050913075676902952e-01,1.313229759120978724e+00,1.284536396308455286e+00,2.572957967049035233e+00,-1.302220716084431018e+00,7.795598568095453151e-01,-4.649228118102092244e-01
1.068112396115780127e-01,1.985528626006750841e+00,-7.100262374733429249e-01,-1.601163044407974967e+00,1.587751437137504773e+00,-3.658660651552104737e-01,4.903203181712117997e-01,-8.027601708183269569e-01,1.155176962749189240e+00,-1.084400954606370704e-01
1.301546740755927134e+00,1.411100787785448230e+00,7.654543472228440004e-01,-3.385557140634631867e-02,1.797902202059803223e+00,-1.988269903838029706e-01,1.434103789274829621e+00,-3.514002450904232799e-01,-5.608892330665018466e-01,-1.686985080403763382e-01
6.800440121125154169e-01,1.670619398454078031e+00,-9.991268672523463401e-01,-1.898062412075128269e-01,1.802785126466579291e+00,-7.419833807690493499e-01,-8.157639968046671575e-01,-6.776909718440560226e-02,2.574326325038506225e-01,-7.880527065813707210e-01
8.797874288889869776e-01,1.156179422649889821e+00,-5.623082211310403977e-02,1.613550365096880324e+00,3.935842549153595549e+00,5.081917587102363632e-01,1.011816859106557942e+00,3.617520130769860565e+00,1.715250378808635956e+00,1.984231886309098414e+00
-1.912944967162061305e-02,8.487129896318832412e-01,6.952044870456659531e-01,-4.121508122449430989e-01,4.182911215070086453e-01,-5.288616725733581436e-01,-8.367414633315330974e-01,1.357379372720357136e+00,7.185445883394623312e-01,5.274300074385898096e-01
6.724967173405600462e-01,-1.007621675474026590e+00,1.439083842609811592e+00,1.640097809556874342e+00,2.207758205329693801e+00,6.078193743309815433e-01,-6.127189920428695036e-01,6.457598061844670445e-01,5.081515061410882828e-01,-1.001414518676474685e+00
-4.195420220078548423e-01,-9.526259911509711298e-01,-6.796439878054227890e-02,-4.131852590694995442e-01,1.493892172892686165e+00,-7.206073742361510659e-01,-4.240389854108016499e-01,-8.551627252024904813e-01,1.387566037649540673e+00,-1.932479627481124673e+00
-7.333161894385458179e-01,-7.749576723507796139e-01,-2.026353906463379317e+00,-1.749051995410811355e-01,2.913420661043088611e+00,1.114317809975177154e-01,-1.596397366890691893e+00,-6.362569102199748805e-01,4.553940573581922724e-01,-1.581257628877130506e+00
-2.372531747970586302e+00,-2.608825210992540278e+00,-2.134565736887830134e+00,-1.559023022922900292e+00,2.745271975109581764e+00,-3.301985445579633804e+00,-5.614950179118098905e-01,-1.641102676487595113e+00,7.198808547899195887e-01,-7.738046651237058260e-01
-2.291900285204000021e+00,-1.013689764571461094e+00,-2.649442659620391716e+00,-9.241839458696671228e-01,-6.123345068384056233e-02,-2.494436065627025023e+00,-4.892413930756950302e-02,1.425605084530715105e+00,-8.931578013423979723e-02,8.963715862103098786e-01
-9.697564705222661008e-02,-3.942382753783966187e-01,-2.172207739708278851e+00,7.497167377710184377e-02,-1.777181109633449441e-02,-2.308876235209800676e+00,-7.495075100697201620e-02,2.414090600375183193e+00,-8.247635662545504953e-02,4.192372544352037655e-01
-2.064072434533190115e-02,-2.073582756996313670e+00,4.255676962067985736e-01,7.071369306820637357e-01,5.731957892692763901e-01,-5.178221873121094943e-01,-1.014428587361904333e+00,2.024656339902415780e+00,-2.634468696704819757e-01,-1.079391425704780305e+00
-1.311930712252291187e+00,-2.041046219842000298e+00,-2.874199857964858662e-01,5.016377862864788151e-01,3.313033721017172306e-01,-9.380529909458473758e-01,-2.174789897933286476e+00,-1.073982301141995777e+00,5.000848397824064762e-01,-1.305357370824295593e+00
-7.316316612461196689e-01,-2.225164185500456249e+00,-7.074619700111842713e-01,-2.554342681265672765e-01,3.492732591669840403e-01,-1.413709569263937205e+00,-9.578885877024297946e-01,-9.147476069262558962e-01,1.098502060827514892e+00,4.595898380802276861e-01
1.144493616459398178e+00,-2.003157828268042451e+00,-7.629958796610227800e-01,1.943704132909943372e+00,1.091646643666538852e+00,-6.018399483356364765e-01,4.247105447459521566e-01,1.400849224060362275e+00,4.385570260689886646e-01,-1.693485587741961673e+00
-8.220435114754753858e-02,-2.094302478684280988e+00,-1.504208539094450403e+00,1.293660115719952319e-02,-5.245472577728087504e-01,-1.851903874069774636e+00,-9.271098424651980086e-01,4.919297960505032430e-01,-6.753497396400399699e-01,-2.247636592263731803e+00
-2.128936409745167957e+00,-4.202637621670113344e-01,-2.802672100518448506e+00,-2.728056383308311017e-01,-6.109698033151278462e-01,-1.793512307482412860e+00,-6.766870596719876119e-03,3.202719773752898957e-01,-6.520884011931618041e-01,-8.954667455304051726e-01
-3.481073923594140140e-01,1.586885886885568198e+00,-7.274624120149404405e-01,-8.137304990919894676e-01,6.715173400991680808e-01,-3.284793254879629032e+00,-6.264379191540723202e-01,-7.717295936027213088e-03,-2.087136361311465294e+00,-1.592261441124776855e+00
-3.519890686324390838e+00,-8.604517523192263262e-01,-3.007611950980702886e+00,-2.537800147158128627e+00,-6.155848614781401773e-01,-3.492582512642637305e+00,-5.029719919746717949e-01,-4.352134159134966596e-01,-3.463388941572842050e+00,-8.775305040734939777e-01
-1.011162777886616571e+00,-6.293289020965721070e-01,-3.710289088089464116e+00,-1.375773194664795751e+00,-1.622571004488794488e-01,-3.662707208314727403e+00,-4.273848691747567097e-02,1.146359940113300668e-02,-2.277734557606417631e+00,-8.457096758791468050e-01
1.621333597680262972e+00,1.246493554002953807e+00,-1.663802587293878643e+00,1.254586931291623797e+00,-4.704908735946653486e-01,-1.705440816308609220e+00,-1.125905870667662123e+00,6.009363405884420306e-01,-9.695242080451729194e-01,-1.230270044320709300e+00
-6.030463864670327911e-01,7.649509435075234620e-01,8.143068756701750122e-01,5.417450276432945744e-01,-1.262158764816325940e+00,-1.681129623819006991e+00,-2.405211029513310006e-02,-1.845697187545372597e-02,-1.249396319227968899e+00,-7.125115651314382070e-01
-2.434360581382564614e+00,6.954331563656053206e-01,3.235969018852407064e-01,-7.993865861752640356e-01,-4.703241342298243866e-01,-2.299617891281150683e+00,8.872535529466129001e-01,-1.600270201346180254e+00,-4.910046677430338069e-01,6.725618424699031372e-01
-1.985919379819215180e+00,-1.938181439283395591e+00,-1.964540953345143670e+00,5.897695506447460101e-01,-6.029609558414383841e-01,-4.414248357177843474e+00,-1.219111979174488436e+00,-1.271778755539151540e+00,-1.805076956029346924e+00,-8.663564530472072089e-01
-2.650779461687379879e+00,-2.995669945120023492e+00,-2.430740939360191533e+00,2.082609075079139949e+00,7.946932259592711656e-01,-4.048039039841151876e+00,-2.451696214641279070e-01,4.118368182298906555e-01,-3.663579714949231292e+00,3.298431537314168160e-01
-2.298888580897780365e+00,-3.429088384216106178e+00,-2.773998905740207910e+00,3.711533663911399383e-01,-6.196286012099423424e-01,-4.384746108486226035e+00,-1.081169285853739170e+00,-1.179650178810148109e+00,-2.945668013365083659e+00,-7.990952488002324161e-01
-3.061843198602691718e+00,-3.702492642184050720e+00,-3.862135433946455088e+00,3.512061993625926748e-01,-2.079984024470437287e+00,-4.411253804505449239e+00,-1.909662879479776088e+00,2.044590353930308968e-02,-3.112121438044371580e+00,-8.838607141513316057e-01
-2.374818620370171551e+00,-4.386231169146483033e+00,-2.323383301957701264e+00,2.699031598609504812e-01,-1.951278935193176522e+00,-3.825499244089459072e+00,-1.906119962191523687e-01,1.488394061313502936e+00,-3.327857513038466220e+00,-1.225718873714325197e+00
2.982855895998293150e-02,-2.366504586014544387e+00,-3.337213125182443285e-01,6.415222627402683564e-02,7.111598928138385123e-01,-2.297614576757457172e+00,9.133237728013328116e-01,-3.166853453819848951e-01,-4.150201563802403903e+00,-2.718359929654792673e+00
-7.593305244602764903e-01,3.188400738405554602e-01,-1.797046512529142159e+00,2.926292280274064850e-01,7.202206577185331637e-01,-2.224077412702741618e+00,-1.073158952171260561e+00,-1.063753884558359175e+00,-2.298689739963280410e+00,-1.965833795095437431e+00
-2.206364643377669132e+00,2.866747038625144128e+00,-1.189604935636320082e+00,-3.814723173482841290e-01,2.665616753460697819e-02,-2.382034631164268390e+00,-2.089667320118129834e-01,7.336311449342527435e-01,-2.441215256223794317e+00,-1.082129097384710636e+00
-1.230312469768811701e+00,1.857218977028107121e+00,-2.230692122949390566e+00,2.583015770016633406e-02,-2.098743597060039601e-01,-2.369116519824595812e+00,-1.014875493197343603e+00,5.544360160484201883e-01,-2.218616197653940691e+00,1.162201799189699347e-02
-1.097882510219275298e+00,8.518590211173688864e-01,-1.877209623288465412e+00,7.090991016974623751e-01,-2.543499837327958257e-01,2.422826989682154153e-01,-2.998194694318789821e-01,-7.545431626476218900e-01,-1.695634208386090247e+00,1.155006731918756246e+00
-1.568603452702901802e+00,-1.068596838107638503e+00,-1.498974364730542019e+00,1.461917172922415631e-01,-1.292239773414479709e+00,-1.300777330612726601e+00,-1.025214427773949444e+00,8.380256689221794453e-01,-8.058971275735115070e-01,6.164313564620866881e-01
-1.639414414035228917e+00,-1.143836669635014847e+00,-4.941716846111885442e-01,8.295077426421086919e-01,-8.949185219758105658e-01,-1.079780159818502838e+00,-2.638488529868378230e+00,5.076381652252961452e-01,-1.694558368042733409e-01,8.643491753448778736e-03
-3.263131817027952408e+00,-1.325871421727843558e+00,-3.310595161756278437e-01,7.038823391671298335e-01,4.963719910792474543e-01,-7.980080247584154796e-01,-1.927996698481901250e+00,-6.818560879871600200e-01,-2.064792862385400163e+00,-1.531935825215480440e+00
-2.555035592168191982e+00,-1.823507025282142147e+00,-9.130198365276218642e-01,2.161767368453127780e+00,2.032049788616752117e+00,-1.696218009148697803e+00,-9.312609093905657165e-01,-1.455424567701137928e-01,-1.469196116917504069e+00,-7.751846459588751515e-01
-9.130097259855195491e-01,-8.992475524688366972e-01,-1.910390599939948864e+00,1.993113444826255076e+00,2.192116641270795974e+00,-1.157640116793749563e+00,1.770682944838536665e-01,4.022724315554577768e-01,-3.422450340442748651e-01,-7.225655331639363466e-01
1.400932794170076434e+00,3.373611341847066458e-01,3.128209245761662816e-01,3.808223301729261934e+00,2.269524131072742534e+00,9.422317639393280597e-01,-1.024229247133293108e-01,4.257883554847096130e-01,-1.012292297556699916e+00,-2.649045772151949474e-01
9.082465054223560763e-01,1.267686415472401240e+00,1.934236267824716471e+00,2.400146901607049799e+00,1.751512672667638437e+00,1.097769630386186801e+00,1.077531100406311060e+00,6.073125634679863438e-01,-6.934212087002239455e-01,1.272199980395138652e-01
1.798834617643604306e+00,1.813782023355257289e+00,1.180088708504896333e+00,3.338806342747365763e-01,2.712728318238838421e-01,8.855447867543582152e-01,9.080947509115228078e-01,4.259208732328112479e-01,9.258854690195196246e-01,-1.449877992145842676e-01
1.210615559791250906e+00,6.562718824401256867e-01,2.130787310220338071e+00,5.077036268885763981e-01,-4.696105948843900535e-01,8.187664659383717680e-01,3.354845703447058014e-01,7.970880930294110822e-01,-4.734535283313396903e-01,3.746278970389861906e-01
-6.189262063659672908e-01,-4.870838028581008228e-01,7.298648039408517363e-01,1.114703996985847989e-01,-1.239515182849344921e+00,9.261385978382558060e-01,6.214661800589862395e-01,-1.106231351355589254e+00,-6.198338013961269821e-01,-3.602681782779961761e-01
1.358529563795890072e+00,-7.750729782665297662e-01,-7.061029303588095551e-01,-1.748805574198972979e+00,-8.304446170754530288e-01,-2.073121565030432656e+00,-4.872182445842416776e-01,8.087261108573964297e-01,2.750686429550751599e-01,-1.306166385339483371e+00
-1.182006385988328745e+00,-1.106683380843779041e+00,-6.391835808149441966e-01,-1.057642593526945562e+00,-7.611780518412106233e-02,-2.433015704458575623e+00,-4.793894292337692598e-01,7.917530968509897127e-01,2.284344780583802970e-01,-8.240690543062658691e-01
-2.465218447472768304e+00,-8.926464848382373862e-01,2.887287196163474956e-01,-2.201844701748607136e+00,-2.573137850954604344e-01,-2.138112288323593457e+00,-1.024943797030915427e+00,1.692941107556759750e+00,-6.097110485016636883e-01,-1.375154768195881783e+00
-1.781593095097533608e+00,-6.378377171219690167e-01,-1.078671765645586422e+00,-7.555367108645517638e-01,1.289271281920502110e-01,-3.396646310060347229e+00,-2.689294000234801474e-01,1.939747547153013230e+00,-1.285872464084423461e+00,-1.407404283998594074e+00
-3.884645488143620540e+00,5.119593644174733615e-01,-1.386155269182665073e+00,-1.915618107632452438e-02,1.662093963833040755e+00,-4.198031070448124957e+00,-4.765584312856485649e-01,-1.312049762484523985e-01,-3.262659259433863479e+00,-1.651186142291357184e+00
-2.397866911401722589e+00,1.663519834038431178e+00,-1.326500070088348471e+00,9.722445764239138200e-01,1.511776247990444411e+00,-3.412061975263871005e+00,2.533031015317444457e+00,1.382138904854550043e+00,-1.247727540958663894e+00,-1.020324664375867441e+00
-3.222247678628120227e+00,8.958728999216059030e-02,-1.950506863856461770e+00,-1.107706941053416827e+00,-2.267802433244791693e+00,-3.393487899020804832e+00,1.357484771079223496e+00,-6.548420155584461222e-01,-1.758186305435536223e+00,-9.443538648936937729e-01
-1.512015072569234952e+00,9.156557604781153659e-01,-3.356399245377641449e+00,5.702177361826773483e-01,-3.135719006897836891e+00,-3.084539434733833296e+00,3.822443713669332888e-01,5.181780864440435064e-01,-1.236179851225209347e+00,-2.997579933347587766e-01
-1.663124242424886656e+00,-7.290426613792211352e-01,-3.564322035126138211e+00,-7.474332827830327819e-01,-3.209331759447750176e+00,-1.028596918575093611e+00,-7.153717989884990081e-01,2.419675027324557526e+00,-2.203476591336040791e+00,5.878153179103817738e-01
-1.665361746812816124e+00,1.136080552227140661e+00,-1.723174648356796901e+00,2.606228473557018477e-01,-1.462387619933655625e+00,-2.219629682182158725e-01,-7.596606652940655069e-01,6.714452994214219483e-01,-1.905716289808280894e+00,-8.207158493594546300e-01
-7.389759486779292619e-01,3.902192170964240425e-01,-1.652703930537662513e+00,1.536224679421112072e+00,-3.189038768630615417e-01,-1.959000442718773716e+00,-3.202397163400252378e-01,2.250198953635272336e-01,-1.338710419985567945e+00,-4.587264376052450077e-01
-4.453024584348185821e-01,4.635877293358912632e-01,-2.142253023440824578e+00,1.075407228851556596e+00,-1.314286170446029356e+00,-3.323659157199633007e+00,-1.606241875410036490e+00,-1.406171644782323815e+00,-2.229622089644147209e+00,5.481899470260489515e-01
-1.072828393290931714e+00,7.772046133731499440e-01,-2.750070569320138603e+00,-1.121793027408863885e-01,-1.009677129687799102e+00,-2.007817103499377254e+00,-2.139291951101218281e+00,-2.698017908571234358e+00,-3.445484365972567353e+00,1.332915988274570918e+00
-1.760119962706358621e+00,2.183889097877367735e+00,-2.270187050712073162e+00,-7.346121505597547063e-01,-7.233252376717317356e-01,-1.893545793921506792e+00,-9.855604408091651614e-01,-9.464873656178616201e-01,-2.206089167250643968e+00,2.079267167171763742e+00
-6.652941501422084958e-01,2.445884175602946353e+00,-9.131796442125346136e-01,-1.165464295976796905e-01,-2.916763863099660625e-01,-3.630597792493265308e-01,4.974765529038840395e-01,-8.979576703810541183e-01,-7.008251241243752538e-01,6.826956440085960587e-01
-7.031677345418168024e-01,6.431487886219400263e-01,-9.096363181298499079e-01,-1.704090403107892282e+00,-7.095213072917455621e-01,6.422048032467349010e-01,-3.309556820824333112e-01,2.120312124352335681e-01,4.725522079827778610e-01,3.356976828535885637e+00
-8.957965143615582715e-01,-1.620259864517393567e+00,2.682920864388129711e-01,-5.268615480478070490e-01,-1.076555735209880460e+00,-7.923209730345630586e-01,1.133014496379662894e-01,-1.473068002339342542e+00,-7.763822076584475651e-01,6.929899984287977155e-01
7.230972001976243568e-02,-9.482122234895163926e-01,6.684878968038056035e-01,-1.036088115430957357e+00,1.017194986230652298e-01,-6.123199328084629744e-01,-2.444457069087936918e-01,-3.090926869791691400e-01,-2.272181443656549504e+00,-1.169854454684478018e+00
-1.257570461409058371e+00,-1.815090797207193629e-01,-3.458608959749132072e-01,-4.113931962408878817e-01,-6.243298205678758928e-01,-3.796336168446193593e+00,-1.218280090425178930e+00,1.046086242311992542e+00,-1.199029479699383449e+00,-1.387936800504485868e+00
1.418008112620132710e-01,1.985911822570390672e+00,-1.727855556602445830e+00,-1.347150830721830506e+00,-1.177913875747617523e+00,-4.798314448762649675e+00,-1.644423037832083878e+00,-3.480056793537359638e+00,-2.285896152223856781e+00,-1.132138529582780606e+00
1.732109414437832839e+00,1.748869724089118227e+00,-1.135749689958549746e+00,1.018214445309536531e-01,-1.439445391878397817e-01,-2.805978482762356840e+00,-3.204723201168820923e-01,-1.686129892156605692e+00,-1.369827542842199097e+00,4.599237901948937113e-01
1.527338649128918702e-01,3.267660620230015134e+00,-5.974023730234034879e-03,3.579384067596432240e-01,-6.214633588285651822e-01,-1.521412493671548516e+00,6.776656938880437631e-02,-1.506072583228385220e+00,-1.749503634505662264e+00,4.903693248577935537e-01
-2.725877010250566723e+00,1.358075498495782130e+00,-1.085366168846802370e+00,-5.402828750350558984e-01,-7.198384344042155769e-01,-2.036802179610521346e+00,-1.059652431160802433e+00,-1.376501627108833503e+00,-2.370144073979912225e+00,6.066019956477024522e-01
-1.981231726084785150e+00,1.655244682839491110e+00,-1.248279733059594276e+00,-7.882907240037616559e-01,2.952363818967083109e-01,-3.199761487296078677e+00,1.667604459053085852e-01,-9.127195994373940025e-01,-1.790159907034166498e+00,2.740995549879652327e-01
-4.685623732955016552e-01,-2.292057311951877230e-01,-3.215984760324687164e-01,4.426453403410858800e-01,2.079384484216957318e+00,-3.008496940476104164e+00,2.871057876051814617e-01,-2.498747274679470110e+00,-1.171475824771478713e+00,1.484092481265609997e+00
1.049199901421571823e+00,-2.633872560172959565e-01,2.123444364983816390e-01,2.938765523516104761e+00,2.930331591538062774e+00,-1.536575407422939188e+00,1.026171437398481157e+00,2.727844183609955397e-01,-9.233492069560831350e-01,-7.293427847002478259e-01
-1.303887105903091426e+00,-1.436019074519345184e-01,-1.127081707917491515e+00,1.076954739650700654e+00,-1.807385240304788532e-01,-1.914144057334773663e+00,1.320429807063298711e+00,-4.710130323014856124e-01,-4.458233247997896997e-01,4.729700943492787246e-02
-5.270378426081383516e-01,-9.443731039003102623e-01,-1.493930562861121913e+00,-6.780892305825769739e-01,-3.499087026789906019e-01,-8.670766150935238503e-01,2.780557301131681980e-01,8.263440561336035106e-01,-1.730726500897326048e+00,7.518151786011939564e-01
-3.286990551775029745e-01,4.432622195599091874e-01,-7.265240171085174392e-01,-9.566397356267541952e-02,8.021502153499232568e-01,-4.301676629376960381e-02,1.394839293647495371e+00,1.482966611397519507e+00,-1.151094008679243830e+00,-8.413410425814055182e-01
-5.432685771502890892e-01,-1.630952496092560322e-01,-2.520343685514166432e-01,2.414023736646842833e-01,-1.557595841404101344e+00,2.411134749880391448e-01,1.666675997732323111e+00,-1.753596295001045302e-01,9.009034518414210657e-02,3.271932830121850322e-01
-4.722192367292467607e-01,-1.413316420220136205e-01,-2.111035931453862258e+00,-6.742743995472829655e-01,-2.281413252663488489e+00,5.169510494767171060e-01,8.735248417395502507e-02,-1.187104099824510595e+00,2.686090583356217643e-01,6.837387596906512044e-02
-2.169402703561262413e+00,-2.814211944221870709e+00,-1.454049868770846077e+00,-1.309355213466814050e+00,-1.534239705098489281e+00,7.128850611067387710e-01,6.364514991196901228e-02,2.211793897265567077e-01,-1.002266383816599937e+00,-1.617997522421349643e+00
-1.642495253442156633e+00,-1.126810649542263176e+00,-1.657931890572968969e+00,-7.352814914454790518e-01,-4.606503455793651280e-01,-5.507276025238210249e-01,2.860199531423602837e-01,1.137307997973608042e+00,-2.117265461421315109e+00,-1.694160152173666445e+00
-1.997765879667345201e+00,5.600692446207575781e-01,-2.435615804017944974e+00,-1.725546966812727456e+00,-2.001529618709228853e+00,-1.516565737518511758e+00,-4.112405541583123991e-01,-7.950635471338487470e-01,-2.513829457005023915e+00,4.278540924640328313e-02
-3.349475311606829209e+00,-8.265344171868443945e-01,-2.160902961530888344e-01,-7.665573417038221704e-01,-2.441125233887015966e+00,-5.531794641121283718e-01,3.244599387832924897e-01,1.172507571601282828e-01,-2.522828079244312516e+00,6.288415149044163099e-01
-9.792496960137446749e-01,-2.415022955295877960e-01,1.975030097738750934e+00,2.136997298863482886e+00,7.923474413635662739e-01,-6.128269025695703975e-01,1.428525051187783945e-01,1.874597233254715167e+00,-1.186040578482399077e+00,-3.950642658153790121e-01
-3.054759083816925624e+00,-1.494939256131517347e+00,-1.505825747939732118e+00,-7.245898784760402833e-01,-8.986661360540557641e-01,-5.188793886173537206e-02,-1.550982442818378271e+00,-9.583621642238557836e-01,-1.024549193575945427e+00,5.015708010913355608e-01
-2.034814234856161086e+00,-2.403617531331032620e+00,-4.910084993633281769e+00,-9.865097036154274468e-01,1.334612772466540198e-01,-1.752468842030755258e+00,-1.318549064686147521e+00,-9.885969001118510846e-01,-9.721095080834576407e-01,-5.102914746247602107e-01
-1.974801161766327917e+00,-2.242146157245636484e+00,-3.835754064885231074e+00,-5.792774267714158043e-01,-3.075177007221205905e-01,-2.162865051605010080e+00,-1.830080152557422402e+00,1.195080957235422625e-01,-2.601005505717036925e+00,-1.215481622508938431e+00
-2.464195801674262221e+00,-2.647656521330742585e+00,-5.448072448305081750e+00,-2.380428522349525178e+00,-1.600781645323183344e+00,-1.074532310010568814e+00,-2.621047549639031526e+00,-2.300680687041507522e-01,-2.557963649159181507e+00,-1.711435204851573522e+00
-1.549304771007443238e+00,-1.379802626319899028e+00,-6.565148828740341891e+00,-9.953908018108563738e-01,-8.070824267069296454e-01,-1.621272554606013827e+00,-1.107010592520534908e+00,1.903890528707596008e+00,-2.862822369108709797e+00,-9.252538865057167161e-01
-2.077993387891492461e+00,-9.222154844129770712e-02,-4.254208770455395694e+00,-7.115907744717359096e-01,-5.100936942904439331e-01,-1.398238612196266661e+00,-1.141265252888281845e+00,2.408411848356170282e+00,-2.549563265339245710e+00,-2.353191785869179764e-01
-2.690684027945221324e+00,-1.786437825227797038e+00,-1.614957008557303508e+00,2.296713303233501313e-01,9.716444266324041346e-01,-1.883955483477068871e-01,-1.005306510198760828e+00,1.760231400818610403e+00,-2.618924465107108634e+00,-9.835663812461605815e-01
2.385440982172510882e-01,-9.360862444229989254e-01,-7.442036978426824767e-01,7.871170935600113605e-01,-1.429377900463856710e+00,-5.153166510343967222e-01,-2.028499270298836255e+00,-1.189752311096927251e+00,-7.802920543780234031e-01,-1.004529075332108556e+00
-1.597273998432495290e+00,-7.314062437263946226e-01,-1.642571151708907884e+00,1.311905398845684356e+00,6.777129585715611082e-01,-8.752844131327026655e-01,-1.562665696683830596e+00,-1.081873666662853672e-01,7.788869215729057327e-01,-8.138928923854535924e-01
-2.052178146528728320e+00,-3.842219200969216319e-01,-2.194965305651185972e+00,-9.967772114977619946e-01,-2.675581153131466605e-01,-6.490655473280337873e-01,-1.811377864706026131e+00,3.397057101647563693e-01,-2.751032939312019199e+00,5.374189482317877076e-01
-4.537233316865241228e+00,-2.894726486212173100e+00,-3.112260925570073944e+00,-6.654463734087110449e-01,-1.483221862822535098e+00,-2.832744900808049415e+00,-1.529703590271028757e+00,2.424096394891739337e-01,-2.958149785677391730e+00,-7.225795210624489373e-01
