8.848990355099750627e-01,3.451634749078076325e-01,-4.814944323483679733e-01,4.810494736457225640e-02,-6.928832223282470615e-01,-2.744979375975892033e+00,-1.145060721970199286e-01,2.839187916729939976e-01,7.415648397711092077e-01,-3.086196090802276748e-01
1.272367486762540523e+00,1.524534210611288243e+00,-1.511594935023971242e+00,1.020715783965316703e+00,2.504835531735380427e-01,-1.841367170708399836e+00,9.739249320542776589e-01,-1.197636376166687500e+00,2.340663016297575894e+00,4.670891446807662328e-01
8.170410774609062621e-01,1.074499937399352900e+00,-2.080972113906239596e+00,-1.970209139028466505e-01,-5.506987852428348873e-01,-5.954930606977881791e-01,7.268225881538425970e-01,2.912743338949093097e-01,-4.478438046701611608e-01,-1.809742849013327159e-01
3.482070471398165168e+00,3.067052993814758821e+00,1.694717756692460275e+00,1.499315136906750334e+00,9.045514933396314738e-01,-3.089640016746759699e-01,-5.893452893166650775e-01,7.318172177315291904e-01,3.395527607011609716e-01,6.079685570325106259e-01
2.392406785608514497e+00,1.542959408106700181e+00,2.394988983268886429e-01,1.268846925567326256e+00,5.762393092099493686e-02,-3.846925747947144147e-01,-2.140835715604481604e-01,1.623479845923500697e+00,2.320125920922907703e+00,2.247059656930690541e-01
9.431546722894199597e-01,2.333334484394100183e+00,1.063106288061658855e+00,1.496540160846352663e+00,-1.083649459254294012e+00,-3.457875057171078126e-01,-7.953629251954192902e-01,1.615051544672114980e+00,-9.928260925906484680e-02,1.123338807828049069e+00
9.659202911711751716e-01,-1.316962434782192881e+00,2.359025992016429818e+00,3.335705229448475695e-01,-1.497325750932909205e+00,-8.000600095292644820e-01,-6.426553444612070898e-03,1.910712350901060397e+00,-4.652964304651571736e-02,1.081154598546107959e-01
2.947217594059127199e-01,6.343728713609247949e-01,2.365426948016228881e+00,6.708853045094078649e-01,-1.695323691499041052e-01,-8.233202206955841929e-01,-1.558536152717337475e-01,1.265074750514517676e+00,3.521476486666161310e-02,1.018580587016766348e+00
8.229255550763876492e-01,-9.257051191685866653e-01,4.202592788031281890e-01,4.271372676730169626e-01,1.886411652361638103e-01,-8.329561456998305080e-02,-4.779845811472904216e-01,1.507901129006512297e+00,3.279788577671984284e-01,2.617713266683205031e+00
8.559718254486594624e-01,9.150515098181649654e-01,2.107493029446667165e+00,-2.943064430470243575e-01,-6.483029392561785453e-01,-1.527781215809795645e+00,-5.884235483836286473e-02,-9.629276198329197456e-01,1.425231359830873457e+00,5.225361256230545148e-01
1.015493240301331923e+00,1.619608200121187558e+00,1.300521436844670919e+00,2.649525678063070488e-01,7.339688771758510200e-01,-8.853553450513074186e-01,1.224947032270594649e+00,9.380415847771583771e-02,1.120467498491014569e+00,5.671161524228449657e-01
3.018592464268345932e-01,-2.043005016261012941e+00,-5.962763598312151858e-01,-8.363068660052117576e-01,-2.652042289720779600e-02,-2.144424630046816826e+00,7.478817894030576063e-01,3.346861427976387526e-01,1.649805453405662314e+00,-2.363534339788499472e-01
-5.294331569475084764e-01,-2.658576072616610109e+00,-1.800596893969557133e+00,8.256444493417358643e-02,1.343953157175403756e+00,-1.486156554383887052e+00,-1.720876013205586696e-01,1.381570125750643863e+00,1.728875107461383731e+00,-6.545301548015609594e-01
-1.099190491003738224e+00,-2.447116405642466574e+00,-1.468654043963948386e+00,7.987694801929101640e-01,-1.365070945626857268e+00,-1.951720126317800119e+00,5.224558857480678942e-01,1.287404556932313371e+00,3.158222938604658414e-01,-1.293953769986156299e+00
1.537850940526621635e-01,7.571565592867890437e-02,-1.547050269243738896e+00,1.371602445370026402e+00,1.043418272059128959e+00,1.460341395045161583e-01,3.089655045524348775e-01,6.511062733123241797e-01,-3.221523366706239289e-01,-2.166550274354000827e+00
1.116779860842823657e+00,-4.131430311749560991e-01,2.515836622172118453e-01,1.029854032628371385e+00,-3.012124054125021599e-01,-3.942639547921343857e-01,-6.128296078645517619e-01,5.463562269026862595e-01,-1.982960116521898186e+00,-2.934139077321159306e+00
1.613001575442364888e-01,-1.403677250608659222e-02,1.497368567037125286e+00,3.031148188401395771e-01,4.730269866901608000e-01,-1.061553655382060368e+00,-6.023753596640674113e-01,7.972763082739166007e-01,-9.957289177075601128e-02,-2.123972319800610631e+00
-4.256695077252993231e-01,1.063949968594610995e+00,2.278156095709923390e-01,-1.671361279486439866e+00,-1.464192683087608859e+00,-1.599178516803358541e+00,-2.219459816262309815e+00,-1.662485346806585884e-02,4.396196200594560954e-01,-9.388715108768044271e-01
-3.235408559258316163e+00,-1.854021177640249318e-01,7.821427909151090763e-01,-1.753311120793661360e+00,1.032875919588442937e+00,6.894472973215053369e-01,-1.845439011735855228e+00,-1.165562480103388809e+00,3.494372901393927311e-01,-3.704838316786682739e-01
-5.166911904830469027e-01,2.242684540357742229e+00,8.018453771113501771e-01,5.025805398404338264e-01,1.351570304201590744e+00,-6.095247035118407375e-01,-2.323006638299638382e-01,3.710761406723263045e-01,2.798892146775945555e+00,7.976146717263967734e-01
-1.227818294128228516e+00,-3.813716507836732994e-01,7.443764756189329423e-01,2.041298421035988131e+00,1.407372359670583606e+00,-1.315791068390504082e+00,-8.498710193400672575e-01,2.142932294938013627e-01,2.103990111592781709e+00,6.486862703682749753e-01
-3.066681200943957908e+00,-2.547252918692882506e+00,-6.604632710563889120e-01,2.998875703527028591e-01,7.217749852059693882e-01,-1.295168554908709080e+00,6.885812939861585269e-01,1.369723880851410280e+00,9.526535870694802233e-01,1.144912577213781368e-01
-1.010201580495773577e+00,7.983029847556211145e-02,2.042904697723261775e-01,9.856713124021567740e-01,-3.779483355318346005e-01,4.189348527428836677e-01,1.361351513561304793e+00,1.333228728628511828e+00,1.222685459894731430e+00,-4.601695496470950553e-01
-1.319802824820756726e+00,1.287381808625103652e+00,-1.650436624363537774e+00,-2.309646131813449799e-01,2.061293034205479713e-01,-8.597656065473436859e-01,1.802293788547074005e+00,4.921150892683767708e-02,1.093209760121498730e+00,-1.711769049517121832e+00
-1.034314894143401053e+00,5.584915642043515316e-01,-1.279726369191388713e+00,-2.507838262355470138e-01,3.467384790543859285e-01,-1.623336737960326959e+00,1.506792851125696941e+00,-1.055773062642990867e+00,-4.740701083521515757e-01,-1.737233506511326908e+00
-1.491293136950649023e+00,7.685018974493951216e-01,-9.854377709609785096e-01,-4.369371356005541940e-01,2.977873036494620984e-01,-1.762379876438112447e+00,2.510989011943762783e-01,-2.434680673455464905e-01,5.750258962679037911e-01,-1.242101588676932655e-01
-1.026540068334984124e+00,2.341158790520054822e+00,-9.076565844737374267e-01,-5.178342121250822938e-02,6.886953014785298643e-01,-2.266840203344272275e+00,1.952260411506633098e+00,-8.073676229322486186e-01,1.067881160157766907e+00,-5.709366051660611507e-01
-3.645866118382958820e+00,6.729669286285223651e-01,-3.108726256170363467e+00,-2.070134568210154846e+00,5.116459103041998135e-02,-9.926174578434580065e-01,-3.638267070547325233e-01,-1.785682447453369903e+00,2.192251578513995991e+00,-6.710297955669485281e-01
-4.629198409898103161e-01,1.732320601380147540e+00,-2.023919776437113072e+00,-2.347907660302338773e+00,-1.431261623415440054e+00,2.412185557073375231e-01,2.829157484046292970e-01,-1.713155775153966331e+00,1.468812377239786970e+00,2.054501463389290516e-01
-2.224035463298323911e+00,-4.208183884037124400e-01,-2.621355758761704458e+00,-2.974173368665096628e+00,-6.382299038144794157e-01,9.338446636122903488e-01,-3.803294747741650661e-01,-1.750913586431493751e+00,4.321055357174686251e-01,-2.366733381958823768e-01
-9.695945086059124529e-01,-1.279461177941023653e-01,-1.909353254140181644e+00,-2.910349233232016886e+00,-4.150327191924243486e-01,5.002819295672663591e-01,3.104179308511706425e-01,-1.375630762074161018e+00,7.530742067275749685e-01,-9.183130594314422579e-01
8.731756829126535724e-02,-7.043436081399095938e-02,-1.684546289462424351e+00,-1.477944844465825414e+00,-1.067122575675999441e+00,1.174134410717639687e+00,-5.273302391788017296e-01,2.000987130096748334e+00,-1.320558305044423619e-01,-7.890184738830856581e-01
-1.680519762216235335e+00,-1.374406407902430405e-01,-2.710532211782359369e+00,-1.943359238705115177e-01,-9.276941264312339452e-01,-1.315762258727976031e+00,-5.368586399993773295e-01,-4.878272940946737357e-02,-1.985956915019770230e+00,-3.155727768636229502e-02
1.473145582077736382e+00,-2.892100181967489636e-01,8.722447266802229038e-01,1.431576568134763638e+00,7.533161065161819714e-01,4.002494861936215509e-01,2.358642628353906368e+00,8.457248250443314408e-01,1.982678715560926896e+00,2.573799221687952610e+00
1.960033626697060827e-02,-1.518657996032512225e-01,-8.254715310287777941e-01,4.238088697872592903e-01,-1.508425273161524971e-01,-1.366310135569033690e+00,-3.147449584487325147e-01,-9.742391077636300967e-01,-3.410023734287699337e-01,7.077395532014056911e-01
-1.500831210505256808e+00,-9.177679731884651471e-01,1.137024254690467417e-01,1.692060513885872863e+00,-1.222941859336202225e-01,-1.327559084948110701e+00,-7.036618446688034378e-01,-7.746143433019241353e-01,-1.231203360462105323e+00,3.021366681839357526e-01
1.202481084427396318e+00,-1.174700729822783840e+00,4.660099789867334641e-01,1.525383691464292646e+00,-7.776357486038939504e-01,-1.445472496495461279e-01,2.866779247204777059e-01,1.875461037030847766e-01,-4.266899577753844319e-01,-4.021784817292494152e-01
1.012718820263325936e+00,-3.555262817950832765e-01,-3.913132328863795917e-01,1.238628799443156625e+00,-7.298514610666169133e-01,1.815416959737800040e-01,2.370512004117248939e+00,7.770621158809283280e-01,-1.328956868048438489e+00,6.924142961510914018e-01
1.420695228232665031e+00,4.342799048934962991e-02,-4.401893040316020578e-01,1.158378471218707295e+00,-1.304504339539628854e-01,-1.702599826035836372e+00,1.319934046895869129e+00,6.888164286300679784e-03,-1.514799670715717639e+00,1.935923251021244962e+00
3.755331405690005564e-01,-5.822390194608579872e-01,-6.355273099425915451e-01,1.552084497899585136e+00,5.072603002569534003e-02,-2.592445097896755257e+00,1.283287092107956440e+00,-3.850299393788262359e-01,-1.062354777393820893e+00,1.635932639256764798e+00
-2.418452835701008219e-01,-9.624973005087633648e-03,-3.332153501576507804e+00,9.503364158485573254e-01,-1.202137042119003629e+00,-2.941364564503496482e+00,7.911770883162170254e-01,-8.586137787805911969e-01,-1.219594843458487787e+00,-1.629784565043642663e-01
3.374539393740501048e-01,2.951809970855695520e-01,-1.742474740446970038e+00,-2.558378109588201887e-01,-1.371629150228593996e+00,-1.755982924923891630e+00,4.445266229473042174e-01,-1.615379672084794382e+00,-9.233724137665259013e-01,1.224616204685478937e+00
2.963346849533113669e+00,2.296851555695444524e+00,-3.825170942841109589e-01,2.124132341883635533e+00,8.943396215709056296e-01,-5.147183457698936149e-01,2.415710420125713576e+00,7.807514724912062443e-01,-1.524128968472491241e-01,7.979838844564742795e-01
2.306313497771881771e+00,4.724875946670883398e-01,1.154513092454833023e-01,3.943094836959157856e-01,2.008247420694113661e+00,1.023686812626830145e+00,3.191334677696506361e+00,1.554374321110576274e+00,9.725439669753448424e-01,4.066585679677260368e-01
7.984831489894114176e-01,-1.574384893416201026e+00,2.171382509154985430e-01,5.977588443634633819e-01,1.253577646557476388e+00,-1.198351563279710374e+00,7.364581992058436555e-01,-5.188418538838804883e-01,-1.886513182729916971e-01,-1.062090913398149539e+00
-2.171094972501168285e-01,-8.683800092708082730e-02,-2.773851181564029877e-01,9.674247203466399547e-01,1.852729244663219088e+00,-7.498472443811297072e-01,9.633303142959142029e-01,1.024849363367179023e-01,-6.548010162106215892e-01,-1.941348258223244416e-01
4.955122303152188490e-01,-7.640826443898851572e-01,-1.317411548466965954e+00,-7.774959655292650318e-01,8.978777157441755197e-01,-1.163566482392199841e-01,1.978390125063727467e+00,-1.626135738461847446e-01,-7.862786976037816622e-02,-7.368191778342376985e-02
-5.934560772080059721e-01,-3.910378629546333307e-01,3.032635208273541938e-01,5.076405183348660088e-01,-6.417215897454442430e-01,-7.878141377083278662e-01,7.669780538262949143e-01,-2.546634428754844803e-01,6.151779311739569156e-01,1.817929588757388082e+00
8.516984256134005893e-01,2.599357412707853365e-01,9.065146311627999554e-01,-8.538229480961578854e-01,-3.196676446851999920e+00,-5.903240479668769858e-01,1.972076820267175457e+00,-5.873441023780747727e-01,2.631036750117100587e-01,8.465775039044155514e-01
2.273606300832887950e+00,-2.032115725117555893e-02,2.350153740359060439e+00,1.475941367283031269e-01,-3.275928840825625965e-01,-1.331162370804149120e+00,5.056054561431100325e-01,4.265720462424934523e-01,2.611912405654705505e-01,-1.093400528260542126e+00
1.301206299960731672e+00,-8.752098327838564451e-01,2.801665241967615128e+00,-1.600034924253737056e-01,1.138128719891662755e+00,-4.348487497194875040e-02,2.760404107876691104e-01,2.936862332501243067e+00,1.607290703251006148e-01,4.891500647001705282e-01
1.491811611427911743e-01,4.167371738927683755e-01,1.571294217092279233e+00,2.558937521806238236e-01,1.128846623459472287e+00,2.209715016070899818e+00,1.069470345317593551e+00,1.509690624345141341e+00,-1.843488213412591170e+00,1.258028696559850390e+00
1.152261814962305175e+00,1.060550141648707978e+00,5.638495394809079908e-01,1.442928638438368605e+00,3.757418508404018476e-01,1.958490140638057708e+00,1.698119738715512250e+00,3.479269437540941645e+00,-2.955111759187305509e+00,1.394340257521311965e+00
-5.424295100654854540e-01,-7.854959002367550847e-01,-9.823536807792325742e-01,6.576227731050474645e-01,1.209276833729833606e-01,7.528874138100161151e-01,-2.646271882157492650e-01,1.494954698681751903e+00,-2.395600242445316219e+00,1.456239032730570759e+00
-2.349505446246905049e-01,2.589704394692184386e-01,-1.332798842112076887e+00,3.594618562765421466e-01,-1.380561213587089719e+00,1.667145362118648277e-01,-3.733812743665618772e-01,2.111827861901711678e+00,-9.363929428846096137e-02,1.720307682874103072e+00
1.414689051580994561e-01,1.352899635558446612e+00,-1.250869870061029010e+00,-3.530510916496507612e-01,8.728506775076202429e-01,8.346242815107565161e-01,5.178612220145888401e-01,1.834231679084173727e+00,1.820112655792706369e-01,1.157351516581843320e+00
2.292010692789627768e+00,1.985850252759662204e+00,-3.455667488653976216e-01,5.428023608690804025e-01,4.888746617863257149e-01,-1.214185780331296982e+00,2.234166545993874653e+00,1.502740316307183299e+00,-1.320332633624038410e-01,1.432567137162807924e+00
1.266022792397403229e-02,9.452945372774345101e-01,1.060083443178980733e-01,1.569450401249715465e+00,1.124476432620251209e+00,-1.301704716984582122e+00,2.704007078823483567e+00,1.673453366132941156e+00,7.135557374904162309e-01,6.904556541127165881e-01
-1.280457682642092143e-01,1.166445898201866616e+00,2.716421614073795121e-01,3.168848435838437783e-01,2.440912875939648341e+00,-1.855666155928798133e+00,1.604743499756848824e+00,1.533597558421680329e+00,3.425315885870778843e-01,-2.414090626051431876e+00
-4.795069592191220087e-02,-9.845146566911869845e-01,1.429381596176631797e-01,2.048113306908213360e+00,1.596282260719725787e-01,-1.614877855287971231e+00,2.104345410744701272e+00,1.349027840374372733e+00,1.250149371061382020e+00,-1.089033395354433775e+00
-1.307749660291678939e+00,4.054364667446282988e-01,-7.258420544350009662e-02,8.502609981935478345e-01,6.699659616668216522e-01,-9.409540502448869859e-01,1.528278366328132076e+00,-8.835334943191850421e-01,4.515077859790506132e-01,-1.574619607148010303e+00
-2.120272964684415840e+00,1.906239652507499827e-01,-5.014329932282451940e-02,-6.383605545599263520e-01,-1.273965202639263827e+00,-6.888638322925455526e-01,2.415116498596008743e+00,-3.052230326011563744e+00,-6.667801019371912830e-01,1.233776721981959090e+00
-1.150099539861580311e+00,1.190654167986318290e+00,-4.682833467934560678e-02,1.114903851114972699e+00,-6.024297992950693459e-01,-4.039136922942537233e-01,2.592929077710651953e+00,6.672766159181187096e-01,2.239832470519364183e+00,2.887957071539989151e+00
-1.522354776653215724e+00,1.297104155763621591e+00,5.531539116836990955e-01,1.580813040551256599e+00,6.705535182660679050e-01,-1.080719421639861899e+00,1.440536608305845956e+00,-3.952225212271843757e-01,1.753383486904079192e+00,1.611688341507626854e+00
1.352391649258973150e+00,3.353840583997384606e+00,1.915180069499289317e+00,1.185411851450815623e+00,1.299642037883505408e+00,-6.841200054548357556e-03,1.364387784137583548e+00,-1.890763871100866300e+00,9.899199751141343206e-01,1.644311616403472787e+00
-5.542776802369133726e-01,-2.637819112294279567e-01,-2.558279287825757642e-01,-2.664025415352220261e+00,-1.865353434787848652e-01,6.879960226501731224e-01,-8.734999219684469463e-01,-1.413547712587868599e+00,4.124165810683323996e-01,-1.928620324923958629e-01
-6.134702109460259400e-01,8.231310383567143341e-02,-2.580390829060952296e-02,-1.291497013610954259e+00,9.432123970776045141e-01,1.425471240428552777e+00,6.673865519674293534e-01,-5.668431814188363838e-01,-3.595666551361318408e-01,-2.369418599223555688e+00
-8.082273640038507567e-01,-8.273477015729948647e-01,4.376716391739141621e-01,-9.425482228229662418e-01,-3.997912040121820443e-01,1.677386935133586832e-01,1.891737732043762277e-01,1.720323995970679809e-01,6.313059849088109576e-01,-1.833348657193216713e-01
-3.940862770933202253e+00,-2.904639937466276134e+00,-5.612564208268387700e-02,-1.569014469465020767e+00,-1.809313730969432266e+00,-7.101852094803710047e-01,8.193567841859440426e-01,4.384933997951384055e-01,-7.593268554953522820e-01,-2.708631919119349751e-01
-9.436326228775135938e-01,-1.912155908253825753e+00,4.296960698060154904e-01,-1.060445228035868048e+00,-1.139232683254411072e+00,1.485712096496007995e-01,-7.201134426461683891e-01,-5.265787273870192742e-01,-1.369991364417334268e+00,-3.114838948572717925e-01
7.887297357026494815e-01,-9.415848060512562734e-01,4.696162965703182257e-01,-2.462000013648168562e+00,-1.111047580508771837e+00,-1.250557111734323712e+00,-6.759303400576336385e-01,-6.993664510235096943e-01,1.212695491342817400e+00,2.149739367179059057e-01
5.659300145443648677e-01,-6.617529468126465142e-01,-6.079122205941249746e-01,-1.018804999210410012e+00,-1.586727396894584530e+00,-4.821583486967556120e-01,3.893354931465358160e-01,-2.235675197288709004e+00,-7.884997388658385731e-01,-4.735968838163587269e-03
-4.679522342326780660e-01,-1.829961426593277762e+00,-1.068635618406110099e+00,-1.122834139930536601e+00,-9.457096244633285131e-01,3.601624628045919652e-01,6.810535728370252784e-01,-4.367318917234808140e-01,-4.541767720274288433e-01,-1.191357677742573978e-01
-2.333003291061252593e+00,-3.582742615602874547e+00,-1.357610427221379146e+00,-1.227253457994818886e+00,-1.484762771321752162e+00,-9.373949040952305189e-01,-1.446754455520725680e-01,-9.870088963795343728e-01,-8.892514447499486607e-01,4.406435685242831024e-01
-2.653309708684790991e+00,-2.348539635253624525e+00,-1.203653694494880355e+00,-1.874014551365856374e+00,-2.069027763764716976e-01,3.412621494879297668e-02,1.429992084967574906e+00,-7.535539350668405412e-01,-2.450723921321784626e-02,-2.025150356965061960e+00
-2.143377035403523756e+00,-6.234390206520774580e-01,-1.885740396753651238e-01,-2.334145753425420189e+00,-1.153657246795335656e+00,-1.235511047638252924e+00,2.488948316794058258e+00,-1.341715816042889475e+00,-8.318240264383877092e-01,-1.211766361929765390e+00
-2.821153978930301065e+00,-1.732381912074673291e+00,3.844864288404356012e-01,-2.131475457609039559e+00,3.229970685956011778e-01,-1.637134373464854242e+00,1.759395554918228299e+00,-1.491629479894786892e+00,-2.400316704168332649e+00,1.017222094185314396e-01
7.258498701325222235e-01,9.591980682985842277e-01,4.975208834864287555e-01,4.899755611712701686e-01,1.195005749704146414e+00,5.369183127765311259e-01,1.527396421705265350e+00,-1.227007729912785727e+00,-1.838902058138813800e-02,3.299117967383681238e-01
-3.814646020749571376e-01,2.622680263521387500e-01,3.332025824564520677e-01,-7.751343413837624707e-02,2.037736475929907698e-01,-3.246469313457894246e-01,-2.413992693881034768e+00,-1.270849309010485317e+00,-9.750766855231486341e-01,5.117536241877135295e-01
-1.083136875071898819e+00,-1.056183140744260562e+00,3.656525216982388637e-01,-2.162460725351759372e+00,-1.709878511552099800e+00,-6.231878267548870420e-01,-1.558810247347647948e+00,-1.300723290621966788e+00,-1.616784212441144675e+00,3.060578593018629112e-01
-2.485209169555552489e+00,-6.454535997827328675e-01,-6.547747581285434659e-01,-2.136190442684984259e+00,-2.116049640331841175e+00,-1.168284568752762542e+00,-2.001092250140718232e+00,-5.009248349544880297e-01,-2.999482786535049517e+00,8.414952793339812720e-01
2.459932594951383944e-01,4.490729100751152947e-01,1.602948854011474467e+00,-1.049678133892189669e+00,-8.158257685910181856e-01,1.397856513145741886e+00,-8.894104256923711649e-01,1.047137314709687267e-01,-2.164050482091333105e+00,2.319552945122845822e-01
4.202969465654994297e-01,-1.750381601407118515e+00,1.102068206297612374e+00,-1.689486814851810292e+00,1.640543395823654826e-01,2.215642007740079578e+00,-7.272272916310296154e-02,6.490367385753683660e-01,3.514013999438196922e-01,4.659933209984908897e-01
2.895835840959097573e-02,-8.196006790247278850e-01,-5.453466939340759767e-01,-2.289352256109289940e-01,8.812950787521153240e-01,3.359141615107019696e-01,-7.275493304312905529e-01,-4.166845859287532372e-01,1.157616262765439052e-01,5.299446533756763111e-01
9.149096034270812194e-02,-6.371125228362348736e-01,-1.608860992210220386e-02,2.394298849038489219e-01,7.320256000289403486e-01,9.785452051056419132e-01,-2.382796988348334644e-02,1.673164981568159515e+00,1.541544336690558126e+00,5.527181920460779718e-01
-1.394978364934086890e-01,1.549602720986094306e+00,5.405901705993736428e-01,2.628659342636116669e+00,2.169458295723668328e+00,1.310667836474206371e+00,-2.489269378377964026e-01,1.830904155478231710e+00,9.888650915769804373e-01,-5.418051084946446938e-01
-7.894008943565549163e-01,-1.216911008452224330e+00,-2.499013687483107482e+00,1.177929105692297362e+00,-4.723042770695828896e-01,-8.408971658031481056e-01,-3.965085808199377393e+00,8.015878205549656910e-01,1.844248838894027021e-01,-1.927880576253958367e+00
2.190773543931254785e-01,-2.817425777553566490e+00,-2.475420738274025645e-02,1.289710694370032718e+00,3.322329301674333824e-01,-1.252536673340504336e+00,-1.294890210508526707e+00,1.791774628389770196e+00,-2.078484686946887594e-01,-1.853071127473289614e+00
7.553541162029842049e-01,-2.479106778326256588e-02,1.962702962900185755e+00,1.194950258110802466e+00,7.317020724522448338e-01,2.723242198301680794e-01,7.944930010361667128e-02,1.439542130338725912e+00,1.583344344830557748e+00,-1.803583019836104473e+00
-5.071767139263627655e-02,1.141667909581301821e+00,3.170635141776080967e+00,-3.809659389975086352e-01,-8.227416513843548440e-01,3.672255938324814339e-01,-8.099964589671224680e-01,2.612468770447654798e+00,1.101030313832475738e+00,8.814928960190033802e-01
-2.235759392785336974e-01,2.052214031195299437e+00,2.451117605110694875e+00,-2.768125233325053891e-01,-5.051055582865051630e-01,-8.870760352146479510e-01,-6.479179616425102539e-01,6.292788280753109920e-01,1.050890728794040996e+00,7.142582989839844076e-01
-1.763108405200401574e+00,-1.479194333949962470e-02,-1.167074735161566235e-01,-1.285809107173264021e+00,-2.265737090749718963e+00,-5.946296130501911303e-01,-1.218952750661265627e+00,-2.202961284772997352e+00,1.081011327573109693e+00,-1.332428799357302740e+00
-5.602616814383046817e-01,-2.445774354877250922e-01,2.496846157425704482e-01,-2.764478088290358571e-01,-1.232279575578842490e+00,-8.266863466435915297e-01,-1.943530923029807012e-01,-8.545630712393719186e-01,-1.549296215553353839e+00,-7.251203434119747326e-01
-1.848849903883251211e-01,-2.597068092560974595e+00,-1.753264488564001411e+00,-3.033336530544079146e+00,-1.966389460167391912e+00,-2.383047452190259374e+00,-2.578230188516438925e+00,-4.606497783405505420e-01,-8.780666213444791035e-01,3.552929181556861993e-01
4.906564712750513535e-01,-1.674466756969842596e+00,-4.202258056882521853e-01,-1.085620611281630454e+00,-4.450711716601596368e-02,-1.091240395943954056e+00,-1.342835880013734329e+00,2.663049620162563635e-01,-7.965218590379992136e-01,7.830664537819016502e-01
2.650693454993604536e+00,1.412133849189938672e+00,1.137927108105859064e+00,-2.303937242341114744e-01,-1.158368559912261286e+00,-5.132284272503486733e-01,1.981963813676269615e+00,2.978308154621638892e-01,5.678860051433791689e-01,7.438784380967964349e-01
3.493038693080159796e+00,1.211548081817412026e+00,1.062792366592836046e+00,-4.399788758443684555e-01,-5.985203455276044693e-02,-5.073463026810155485e-01,5.103882651668983916e-01,1.602780275346849859e+00,1.574298197618633210e+00,2.789847634348101124e+00
1.750751915131114389e+00,2.727829328865605696e+00,3.617279416616990262e-01,5.782722526836101551e-01,1.591094339383171408e-01,8.475232784324662760e-02,3.247086396797223551e-01,-2.222879307922822623e-01,-2.560740955477998071e-01,9.177719975721566614e-01
2.359997683939081270e+00,4.593018180858335242e+00,2.139788294757932752e-01,2.268408057944405698e+00,9.614099094537756907e-01,-1.564521969149325065e-01,5.651721275776822040e-01,1.496925137741802470e+00,-3.611829430194590240e-01,6.454130290731610042e-01
1.057632856269996147e+00,3.196001210671541859e+00,2.562125184104520059e-01,7.665363166890577507e-01,-1.138229881347489481e-01,8.924049108845582001e-01,-1.788059900105344546e+00,-1.170525395984155503e-01,-1.438293942813920090e+00,1.143877857622281058e-01
7.317581110186170967e-01,1.401433652938477437e+00,2.101830936047591747e-01,-4.190453958727268780e-01,3.382963049218480345e-01,-4.662316089907350136e-01,-2.688773340060121253e+00,-7.236537907761854127e-01,-1.199715337890041589e+00,-1.302997769694711705e+00
2.633767174903830721e+00,2.606006553217176114e-01,1.526795962708849430e+00,-2.878902136428140857e-02,2.413562903085889388e+00,1.390739588269693794e+00,5.379816962389765145e-01,4.841287520188501392e-01,1.377701881255318561e+00,9.112362817983464813e-01
2.389645465827580750e+00,3.971481724539385194e-01,8.637376096938300662e-01,1.610328120119015161e+00,2.152411103558653060e+00,-1.055460480242768062e+00,-7.243055412085865896e-01,7.431259239412586481e-01,1.162720637867679319e+00,1.398981935668626164e+00
2.822101316057286979e+00,4.757211640419395926e-01,3.226195833964520809e-01,1.768479427687882133e+00,3.116590648150769027e+00,1.249838946208731816e+00,9.614866804109124532e-01,1.925018250861872060e+00,-5.674729545141702358e-01,1.184182104544061698e+00
2.115377265869095247e+00,-1.141913039045061584e+00,-1.081982804879940918e+00,1.101940711008138063e+00,1.459386355457817475e+00,-4.770206297920889238e-01,3.490860852936372161e-01,-1.064479753607444401e+00,-3.123087209823259824e-01,4.763446969880335558e-01
2.703919678312012742e+00,-6.922183255876065422e-01,7.751108429250324061e-01,1.861324182929541493e+00,6.366914415966552498e-01,6.835514150820604096e-01,2.622345441704617031e+00,2.404779322139276587e+00,5.354730943831453871e-01,4.684447683572556809e-01
1.933303457669572900e+00,-3.350624867958078568e-01,-1.353841381118812137e+00,2.220353416488243248e-01,-9.868530866523943512e-01,-2.463673620450831159e+00,8.800843609478494756e-01,1.040584922623553954e+00,-1.562443626321720958e+00,7.598785674938501877e-01
2.494830106213099086e+00,1.076402328086617732e+00,-2.068742731022842563e+00,1.129488937335859200e+00,5.599441570545182767e-02,-1.205970815849293887e+00,2.602982610236272087e+00,2.241717738372805413e-01,-1.719715974929013846e+00,7.452160048732533459e-01
7.737018909172928005e-01,8.019008916131318276e-01,-6.097618147963651536e-01,9.667124963445767882e-01,-5.341387995447735015e-01,1.839681090743050529e-02,-2.682380565634616687e-01,2.046930095090306878e-01,-1.852465618178541051e+00,1.353594767278872624e+00
-1.207487005741384456e-01,6.700428623080936230e-01,-8.751511563388161274e-01,-5.074557026088752920e-01,-6.516814283542327058e-01,1.369862259611333843e-01,-6.534381164169259515e-01,-2.677338274714080590e-01,-2.251352439558041318e+00,2.904493416360180436e-01
-5.480127447646415684e-01,-7.578911487920686474e-02,3.825881763781420197e-01,-2.242679667864706072e+00,-1.451777148693184305e+00,5.180319246302863556e-01,-2.085821198137312316e-01,-2.376064136070517308e-01,-1.193550670945274339e+00,4.313390477239729126e-01
-8.167111134397608829e-01,-7.818621623025965306e-01,1.068572624930024695e+00,-1.989166106531463640e+00,-1.239447450904695991e+00,4.233140503277085243e-01,1.557586674294483275e-01,4.611488343055343275e-01,4.550233873536473350e-01,2.421546901869080226e-01
-1.086313926163674060e+00,-5.296238735129299435e-01,-5.240449211580724409e-01,-1.696185526200498339e+00,1.174140856004186162e+00,-4.620149730441623914e-01,-6.258109923824062282e-01,-5.396484454484469229e-01,-8.641629826681516136e-01,-1.927800200511587403e-01
-1.047144857256976369e+00,6.906449455694074757e-03,1.742248897054714529e+00,-5.587511659773551909e-01,1.382721222662875338e+00,5.381695487715251192e-01,-1.654742467127558181e-01,-1.569568931966486280e+00,-2.212623224485672502e+00,1.815550691768873515e-01
-8.696114707883966233e-01,-5.172019205305986023e-02,1.602195834441346500e+00,-3.491175479057287423e-01,1.355901091991571272e+00,2.845425487065272319e-01,-1.038882422429717955e+00,-1.368797662938038950e+00,-7.454420862787336510e-01,4.056797503927859205e-01
-1.607340529975157750e+00,-1.139994370202014995e+00,-1.145844236857613829e+00,3.940075736656256100e-01,-9.784288933027855961e-01,-8.830275034263064260e-01,-1.414187431010366369e+00,-9.548670434125450246e-01,3.597352152011324411e-01,8.646791915832675590e-01
-1.510117118321534502e+00,4.773038354533962746e-01,-6.148791128983336352e-01,-1.972541026498461303e+00,7.552608613141331695e-03,-1.006558077599098988e-01,-2.693445720012395128e+00,-1.137285395648151454e+00,2.489364749574549229e+00,-1.369829917190022117e+00
-3.560497562481695688e+00,-4.642339357508491471e-01,-1.709100116292607163e+00,-2.466702981488529733e+00,-1.766878374609764712e+00,-2.190547253011096096e+00,-3.101295361816455376e+00,-1.496550634157535420e+00,1.356512444883240853e+00,-7.487416877490353784e-01
-1.267560725604254923e+00,1.382239905358069842e+00,2.695988765203903625e+00,-2.318004573337650864e+00,1.900729287738966988e-01,-9.160673189842261088e-02,-3.731516589557699604e-01,1.610485840730083051e+00,2.971771470713042262e+00,-8.666027673497400663e-02
3.293437918893955541e-01,1.632277460883708287e+00,3.450339127988702792e+00,1.468690629011834670e+00,4.966518358316082682e-01,-4.117193434845523026e-02,1.453314444529830274e+00,1.597068143692393027e+00,2.608536226729867291e-01,2.094274778389919045e-01
5.391600822791744463e-01,1.298049383670841994e+00,4.688511622988609240e-01,4.688786041430871854e-01,1.492132095213328791e+00,-3.633811763650373061e-01,3.058933137062166407e-01,-1.502288838033805085e-01,-1.004801826004554144e+00,-2.463380772779025563e+00
4.272810872966511520e-01,1.335886924621314309e+00,3.524676641788495601e-01,1.207569358155154315e+00,1.801541647771722765e+00,-3.509142576551112502e-01,6.752962725474931371e-02,-3.499130602487867114e-01,-3.897258797103659855e-01,-3.563105010917546167e+00
1.023554866175910405e+00,-4.417758753783465053e-01,-1.224974429873571524e-01,1.916820201655828892e-01,8.672813925206422914e-01,-1.334099438745350641e+00,-1.501678039895603778e+00,-8.205145993699144435e-01,-5.769520997862396250e-01,-2.499688332186589257e-02
8.350357437352835532e-01,-2.861680187830319078e+00,-2.148806424217602484e-01,-5.774740801940543289e-01,1.046520443754359597e+00,-3.158851294122698716e-01,-1.567230029358305909e+00,-1.254469739812712259e+00,5.890630869233726141e-01,1.606296477144779633e+00
-3.948786039164289829e-02,-2.947976767584976621e+00,-8.698355515244275971e-01,1.207526985372245010e+00,2.842570542396022359e-01,-1.082408647462008933e+00,-1.529456267658944491e+00,1.080276083927330655e-01,-1.517642242624721138e+00,4.766131129978892211e-01
-2.494375937160849155e+00,-1.688929474348452642e+00,1.927468540978485301e-01,-1.759867786483204188e+00,-4.512357928197121004e-01,-3.267260071023199153e-01,-7.957698376972799359e-02,4.397255176082554562e-01,-1.724244300239305527e+00,-9.124858847754893088e-01
-1.046747243743442191e+00,-2.555834550374256331e-01,7.227819709171437457e-02,-1.421763839649805128e+00,-7.391985197958698128e-01,-1.299888519750494797e+00,-3.403506516832974782e-01,4.888131414988199919e-01,-3.740239625219983211e-01,-1.055789714000814783e+00
8.459728947459822512e-01,3.049582025915342776e+00,1.867879297258425997e-01,-3.274422959181068071e-01,8.404254156558352840e-01,-1.538050391499189429e-01,4.061475360238073762e+00,2.759630482387045003e+00,1.859883982510819767e+00,-5.204116304394009740e-01
1.526767226735421090e+00,3.226135445538576008e+00,1.058932549940932444e-01,9.258154281587691048e-02,1.545408835259694191e+00,4.943828629145599063e-01,1.315978011935045489e+00,1.171707140870054120e-01,3.827271505651679284e-01,6.594541031038416712e-01
2.836965270231102565e+00,1.650127486262991106e+00,6.007779704566733603e-01,-6.179492201427690956e-01,3.749139916855854238e-01,2.584252542142152720e+00,3.914742141265151743e-01,9.484796148593906961e-01,1.055965858544470226e+00,9.688966650669386116e-01
3.340826815661159355e+00,1.512808706954550830e+00,7.560450939962944927e-01,7.219019621426707722e-01,-4.768496359738139123e-03,2.994836082951609857e+00,2.746679791648156677e-01,9.861549453729379078e-01,3.827320586119500878e-01,1.704161515016473949e+00
2.097938915970272600e+00,1.819673455298919329e+00,-3.062329015142368771e-01,1.854888817641736853e+00,-1.098574060780705686e-01,6.538810844560731805e-01,1.465870821410174329e+00,-1.088933093003209951e+00,3.603438186983634051e-01,-3.653649968382355340e-01
2.598027421663108960e+00,1.313837684500275049e+00,-6.148357180190135995e-01,1.260851999593517014e+00,9.200484952913918768e-01,2.288261259400427683e+00,5.616709177239654904e-01,8.042415203052546424e-01,5.129492138935526357e-02,-4.090415361151988893e-01
2.368010629281148027e+00,1.140634887204804215e+00,1.725246652150161930e-01,1.423659176451685937e+00,1.316968855460163290e+00,6.065106907377355583e-01,1.406727363251490281e+00,9.894240106171832139e-01,1.450213318255908490e+00,2.753460541189757027e+00
2.302161341617090073e+00,3.534370535211314723e-01,-1.083467393193023875e+00,-5.717749960892937189e-01,-1.460434834610633281e-01,-8.405384878790020942e-01,5.273495009187577631e-01,9.682469333863352734e-02,1.766113751539022947e-01,2.566893837911886411e+00
1.456881244986646839e+00,-1.071248490608973647e+00,-2.096767866537575742e+00,-1.648194180207468662e+00,-3.424556927932053130e-01,-7.171281089659407026e-01,-7.641615286078302649e-01,-9.736697018413943416e-01,-6.308808927555462631e-01,3.076745267006876228e-01
-3.978990938562639856e-01,-1.606415793034882578e+00,-3.152965312157066435e+00,-5.144713631019420808e-01,5.254406867843974815e-01,-1.902273219374317481e+00,-1.768256653846027593e+00,-1.703487152022643114e+00,-1.015601867457160079e+00,-1.739270086356379807e-01
9.159186288914030749e-01,5.415346745123827965e-01,-7.762603639066819605e-01,-1.252996231184226039e-01,1.313301947466277708e-01,4.987678542377516067e-02,-1.662560414027558497e+00,-1.674595675326678412e+00,-8.543114580806568936e-01,-2.051962281905062024e+00
-2.091717896353287198e+00,-1.967893941324424301e+00,-7.084715872271664105e-01,-1.992150001016048666e+00,-2.190515378897169629e+00,-2.201472259198605563e+00,-3.016732002834722870e+00,-1.954896961526181975e+00,-6.365546470662223344e-01,-1.885952354740265235e+00
-2.165062419927259896e+00,-6.300993621079327145e-01,6.298404626819773533e-01,-2.768225341966921160e-01,-6.787154455477001358e-01,-1.057251401498265242e+00,-1.456595501871557730e+00,-2.608907974995265944e-01,-1.789357063863115660e-01,-1.062251934762517669e+00
-2.078164193763736733e+00,-1.795147698543478443e+00,1.051240718026071441e+00,-6.983199542945749405e-01,-6.851555054427297398e-01,-5.063802140889137604e-01,9.752088988720242213e-02,-3.382595854097741883e-01,-1.451749468452240732e+00,-1.229513527282795948e+00
9.592868096669870948e-01,-8.489649924228045430e-01,6.809737188304875177e-01,-1.452659618744364334e+00,1.444518813862182061e+00,1.052379754913706611e+00,5.329466612266169356e-01,-1.254230734424405469e+00,-1.780194069830161485e+00,-6.877564036883665466e-01
3.207071439381308231e-01,-1.475403165618330847e+00,-4.547799529527756235e-01,-2.164665775178534091e+00,1.032103878743489522e+00,-4.331595255479695483e-01,1.641799392939862212e-01,-1.255671218126157118e+00,6.121669135494944847e-02,-6.443130386299222856e-02
-8.136694599274871265e-02,-2.215505124902621858e+00,-6.444358215162879766e-01,-1.008938500624696477e-01,9.402054033884335027e-01,4.333319088904001859e-01,-1.656996270614201183e+00,-3.007777694554146231e-01,4.027463638403588897e-02,8.250753033800956038e-02
-3.284192051584270411e-01,-1.793147537280486148e+00,6.923208547278203451e-01,7.418936739913082334e-01,2.249518287350240620e-01,1.257454926192007161e+00,2.932983913560436862e-01,-7.881984125881219549e-01,-3.550106634119948867e-01,-3.824751111275047633e-01
-1.031508894507339624e+00,-1.472589271847614123e-01,-1.522862156865418259e-01,1.024462679854964531e+00,7.987565285394289116e-01,-4.087520263994086078e-01,-1.507517211236554244e+00,-1.386546506880998175e-01,-4.382288419358382203e-01,-1.616797536115017087e+00
-8.969622273758046660e-01,1.163354811500686425e+00,9.847654719389331568e-02,8.467612301169568090e-01,1.291285283687967356e-01,-1.116363917577681608e+00,-2.087884756815562959e+00,-8.712371986820581782e-01,-2.277957089530071588e+00,-3.697405471707567171e-01
-4.888492581817895921e-01,8.205725790526872121e-01,4.413835232632032923e-01,6.694012210050771516e-01,4.227493103882946635e-01,-1.625706757763974331e+00,-2.197541168775798859e+00,-1.666102703804370477e-01,-7.435489218093488395e-01,-1.257719185427854103e-01
1.841432300578597747e+00,1.784489591716675649e+00,6.342059033068062623e-01,2.256951881752393974e-01,9.042290449908064742e-01,1.500285370971830012e-01,-9.802446407419146412e-01,-1.090055119929139449e-01,-3.051400462122352275e-01,-9.268717490913367385e-01
2.358899025716993947e+00,1.968647200151736776e+00,1.853973472638594799e+00,-6.309626104565255189e-02,5.153383455419846548e-02,1.030502636179942755e+00,3.536138795638401611e-01,2.429887305889374627e+00,-9.476297396497701531e-01,3.191741826690208672e-02
2.083625310937062380e+00,1.851816715813022096e+00,3.176254491048598361e+00,1.355835879216090500e+00,3.108416002435251957e-01,1.899759207967175456e+00,-1.394335461606141635e+00,1.940030116504921409e+00,-5.956986084207377408e-01,2.057632852619132868e-01
8.215435734230063236e-01,1.691915045066034740e+00,3.362752682299653628e+00,-4.079793173289387731e-01,1.108659542880413795e+00,1.449043604688236231e+00,-7.643984683386610968e-01,1.751109469100841309e+00,-4.745743067972594265e-01,1.344221158139398964e-01
1.527384760635632333e+00,1.952730995115000923e+00,2.367438117345265436e+00,-5.283185640337886291e-01,-5.782927720383168602e-02,1.222411366349244188e+00,-8.552429216109223020e-01,6.799547150268659967e-01,-1.135737323774764107e+00,-1.450498437906815874e-01
3.751278784975133895e+00,4.885923874977710080e-01,6.130344264551427225e-01,9.148542805418324875e-03,-1.228073512180165722e-01,8.887768469263331861e-01,-1.333247168607116784e+00,1.149489203801565385e+00,3.345171447439504453e-02,6.421143703826917015e-01
1.013780406978976867e+00,-1.564442920225663114e+00,1.321531950357669460e-01,-1.020989674865782071e+00,-1.118081280004299627e+00,-5.917410071483991674e-01,-2.575420463391673742e+00,-1.655373540492385498e+00,-1.013378962483705736e+00,-1.196349683987014689e+00
2.368695536359164411e+00,-1.142598928452982943e+00,1.691454280822219380e-01,-8.226550032712898197e-01,-2.073541247446998526e+00,-1.046681879514583802e-01,-4.357220259283711705e-02,-3.295900368545312542e+00,-6.193479788284964593e-01,-5.469010106092880852e-01
4.086460089399318818e+00,-8.996615786891705158e-01,1.731977695154448327e+00,1.133685032038080687e+00,5.330066897499090572e-01,-1.222170139608985545e-01,1.016335961173954194e+00,-8.384388004846643483e-03,5.537638586029108856e-01,1.617394235033037253e+00
1.871436197727028405e+00,-1.165999027365432372e+00,-1.494755917732349726e+00,-1.157011336773813071e+00,8.041334678110129142e-01,2.443671032061282222e+00,-1.757050603431303593e+00,-8.983584237550539253e-01,-1.831650894712181010e+00,3.201883290389839765e-03
9.632702949427260908e-01,-1.583060601013395852e+00,-4.037822956627115101e-01,-8.348599794369582217e-01,-4.361794790485689077e-01,3.632352719515987705e-01,-5.453347158570026609e-01,-1.823984053935058247e+00,-2.242011146119519349e+00,-7.242292540523342925e-01
5.231225114335503745e-01,2.058931502066259966e+00,-9.113269408332607124e-01,-8.030012269065089914e-01,-5.826179699267790557e-01,-4.559224602493248679e-01,-1.360528609504940145e-01,-1.440229415779497035e+00,-2.065461413248927958e+00,-1.073472281452092503e-01
1.760896778957469433e+00,2.728251840677316853e+00,5.741934863262786459e-01,2.612607026969391288e-01,-1.364091232299632139e+00,-1.551752881504773862e+00,-5.034999023376680594e-01,-9.835062746582572402e-01,-1.768978365232157346e+00,-1.037790617585509167e+00
1.491970070931056824e+00,3.536024736937493085e-01,6.742207866509698500e-01,7.645571612318192711e-01,-2.013607509342201229e-01,6.810677410952536981e-03,-1.800780539355582910e+00,-6.376237458516569312e-01,-9.684686500328304470e-01,3.167196967974161836e-01
-6.310506837250522416e-01,4.470212681371789065e-01,-1.611503003902398090e-02,1.679262482259038514e-01,4.761842430143036209e-01,1.500416430482665930e+00,9.261773371774064678e-01,4.418759161244016909e-01,3.967346645964653362e-01,9.070895630533562515e-02
-2.100902503763411311e-01,-2.203659102838768369e-01,-6.007472307901778885e-01,-7.031861099436602647e-01,-9.328002076669044129e-01,8.863236640846684500e-01,-8.801218583907518545e-01,-5.483958154365070614e-02,-1.628830724740922831e+00,-5.410266482997788673e-02
2.063173071496217717e-02,7.423432501346166612e-01,1.541900617763170001e+00,-5.553273843530809328e-02,-6.283313986877225865e-01,1.202147114020440943e-01,-5.588515818072690156e-01,8.404026440148484323e-01,-1.171039750294016635e+00,-3.510417373117608597e-01
-1.073547738168555421e+00,-3.547582980961270227e-01,8.552199097898849356e-02,-1.808302151172220817e+00,-1.974987956693109226e+00,-1.922862337480455208e+00,-2.284611826440846816e+00,1.362680646635922699e+00,-1.502811481015641881e+00,-5.975772221217864888e-02
-1.095749542783116537e+00,-2.421286466237378754e+00,-3.383804875936724521e-02,-2.839814402527592208e+00,-2.622019779676211026e+00,-2.452202804189369090e+00,-1.896830641191017186e+00,3.903856102120983884e-01,5.633069611487939721e-02,-1.238822073094390630e+00
2.489010770634711989e+00,-9.124600033553735834e-01,2.112708922591764349e+00,-1.865760561692034525e+00,-6.951116781200676886e-01,-2.459680938349231738e+00,-2.424937939821917077e+00,2.019781478968474708e+00,4.735491944927294750e-02,-2.056416131868322061e+00
-2.196370949044409215e+00,1.001190136616518789e+00,1.239345912629155499e+00,-9.152780402056043263e-01,1.651423717799154756e-01,1.609500488038408950e-01,-5.987184701508512230e-01,1.732346058145668888e+00,-3.346459808175452633e-01,-1.601757331180194033e+00
-3.576255819190553575e-01,2.628009977794879326e+00,1.974862357427181747e+00,1.124465911167977117e+00,-3.613344441100309612e-01,4.349130020117641382e-01,7.758453196873941193e-01,1.405077550210418025e+00,8.438663140987840983e-01,-1.550437164831993453e+00
1.048732410342959831e+00,3.793059996176708637e+00,1.923171936626887568e+00,1.897888734546198108e+00,5.384581671652762802e-01,1.096865036567976182e+00,2.123123591491671291e-02,1.212881992638748851e+00,2.721708959254125482e+00,-4.063655322930472824e-01
1.853227250031205031e+00,2.187892915150053685e+00,5.591002223102792268e-01,-3.067926458041421167e-01,7.198594164370235582e-01,2.421294704873243830e+00,-6.605118268451912744e-01,-4.417598576430887825e-01,1.862609198565365887e-01,-1.852552985581761291e-01
-1.510296232345254008e-01,-1.064381672195720885e+00,5.537465380329731346e-02,-8.784050610664330128e-01,1.838763916282525890e-01,9.066915123479057925e-01,-2.196514291728364654e+00,-4.819477754696146476e-01,-4.553198337407819984e-01,3.900407471730906739e-01
4.697786221407538321e-01,-1.375047530404582385e+00,4.200712255924752836e-01,-2.208173509999364348e-01,9.045073699919223831e-01,4.876373900846190379e-01,-1.856675297790509882e-01,1.744438662305663801e+00,-1.977448682428966764e+00,1.700571752259511182e+00
-1.605814737932005354e+00,-2.025740303864518310e+00,-9.809650302660407606e-01,1.026316995507203345e+00,1.148973880632992994e-01,-4.185891194775184787e-02,3.408069101330086226e-01,2.096350293696582767e+00,-1.811377125097386465e+00,-2.895933306467009527e-01
-1.675675344560764168e+00,-1.443704867262508351e+00,-3.513875125675233191e-01,-3.045157694533420223e-01,1.088396272672280451e+00,-2.548333510773548305e+00,1.609064296718736742e+00,1.689031915878666412e+00,-5.466170092104195577e-01,-9.141981864701212990e-01
2.517962200568950593e-01,5.215499095532141194e-01,1.333605954575120212e+00,8.955766156993916205e-02,9.349703912110831627e-01,3.303746117721551023e-02,2.081429408362478028e+00,9.543886855615146825e-01,-8.212958928114068025e-01,-1.940280813453993947e-01
-2.535214795574198265e-01,-2.997452023495678075e-02,-2.481798807643635363e-01,-2.027763855054634856e+00,-1.611989809565597120e-01,-7.840217113632974577e-01,1.171219036911028466e+00,-4.018232643073244015e-02,-1.800024104219585475e+00,-1.121243275669722372e+00
1.990657268326437301e-02,-1.668278843027681535e-01,6.365932076736551259e-01,-1.975060716498560076e-01,1.583554212456130539e-01,-1.453310730569921772e+00,9.538365400817669926e-01,-9.271120326653333743e-01,-1.707152059920824971e+00,8.394509093048989623e-01
-1.998287132792158083e-01,-3.343476556597770877e-01,9.439539450230325368e-01,1.670558218197123468e-01,1.815400558625422656e-01,-9.583759022134921146e-01,8.605730220037810518e-02,-1.108777968550887394e+00,-3.014590112930981558e-01,1.334953726163367882e-01
-1.956606965666291664e+00,4.504299887178127015e-01,1.417434020308470988e+00,2.357323700072099792e-01,-7.913976454373986558e-01,-7.114323578858726682e-01,1.031087529102614253e+00,-1.778316868012839169e+00,9.701644254606989204e-02,-7.619607843031045435e-01
-1.399554513207154072e+00,1.274984212817979357e+00,8.803926874548024806e-01,-5.423702628139693838e-01,-7.071785043181870734e-01,3.414042438106566490e-01,1.383865827607043464e+00,3.462726686469868032e-01,-1.346615577015735643e-01,7.064300591146668307e-01
-9.210348663585007367e-01,1.621936025466348186e+00,1.215725987022773236e+00,5.983745579920352053e-01,-1.729717269670797419e+00,9.489521565014431559e-01,8.635794603947581916e-01,6.166131864666272167e-01,1.163010695132526084e+00,2.424128882671389151e-01
-9.994163110042071363e-01,1.939249900046069452e+00,-3.415231965017184734e-02,1.237376665292267974e+00,-2.776887020246681104e-01,2.605227152500965704e-01,-5.033896813477793941e-01,2.721478336824728617e-01,1.840540697763124678e+00,5.639015596062513236e-02
-8.517245668771357137e-01,1.792447966232314283e+00,5.834210307380693905e-01,2.113354256086780181e-01,-1.471525238775581279e+00,-5.994700669284678263e-01,-9.077407245718654982e-02,1.479381154796986397e+00,1.582592906072672889e+00,6.688064425667599178e-01
-5.731457670222831480e-01,1.805783843327805060e+00,-8.509470006722696933e-01,6.093948492914417203e-01,-3.537208409281926702e-01,1.704321605802534834e-01,-1.244094513094184506e+00,-1.864206271072973431e-01,7.102248082830866505e-01,-1.123679086776367297e+00
-2.328631940191438598e+00,1.311117775156468657e+00,-9.857305782757953549e-01,-1.142660144736808991e+00,-1.276096984899552034e+00,-2.941005884067092735e-01,-1.009232863534180513e+00,9.749437638491100788e-01,1.337954551860285335e+00,-1.482819525900843871e+00
-2.849177623590516184e+00,2.311011036071780600e-01,-6.954357063634597491e-02,-1.171359005193121972e+00,-6.411372074920144160e-01,1.566587408795093728e-01,-1.976711276218375168e+00,1.045451774278493007e+00,3.609559882284907317e-01,-3.577770380755315172e-01
-2.629436185713043272e+00,7.133036318131679154e-01,1.290898777936483999e+00,7.504977093099371999e-01,-5.519444257967824896e-01,-1.441185544071751590e+00,1.554689119435116229e+00,1.421747381544853805e+00,5.965393411182865480e-01,1.467198961399178270e+00
-2.126263294360568601e+00,1.612054286872651732e-01,9.201055920926888287e-01,1.436943404735360419e+00,-8.544016566684772274e-01,2.751216396387148322e-01,4.386768634226638763e-01,6.639481149976449448e-01,-1.546473069769185305e+00,-4.918841570160336074e-01
-1.000285855432012205e+00,-6.484964417222114363e-01,2.191353604606512295e+00,6.875731584076114622e-01,-5.168975757764547874e-01,3.750453610704913565e-01,-7.901057763018475288e-01,1.065174885934105031e+00,-9.294403975431642095e-01,2.988947849745332563e-01
-1.460690313316305389e+00,-1.319563277794998823e+00,2.849831805725953515e+00,4.621755807523381110e-02,-2.250201445992638938e+00,-6.759419850621207759e-01,-8.793796162587581566e-01,1.401073993470502765e+00,-9.536782913178232235e-02,4.649656321465883702e-01
-2.252301913294010305e-01,-7.531960647740334469e-01,1.937924395957137502e+00,5.996028148293433002e-01,-5.915467638507823089e-01,-9.529980050418283000e-01,1.246390597226191277e+00,-1.317601840754578646e-02,1.626703122976201676e+00,-1.821286724329311268e-01
-2.070449281459646185e-01,1.299942552715564359e+00,1.053107031347764178e+00,1.290057816138935998e+00,1.699812226287940597e-01,1.759307663673569833e+00,2.592661224834817091e+00,1.262951316955197800e+00,3.128358689333064824e+00,1.973771150563936816e+00
-3.859075234191802206e-01,2.005722375943800095e+00,4.950148165443395420e-01,1.789390354607671485e+00,1.720159619185505750e+00,1.283765514083131665e+00,1.379370595950550893e+00,1.122822347003090471e+00,2.440452529768372791e+00,1.663252308463636586e+00
6.422952496950393719e-01,-3.989352586065648687e-01,1.542957749575119553e-01,1.221531235493613643e-01,7.446197619069050422e-01,1.470204269188516433e-01,-7.373122669811211782e-01,-6.226724859512700050e-04,2.294503143327284889e+00,4.112926249048871608e-01
-1.934736909907097679e+00,1.247219944222595633e-01,-1.783405087741464001e+00,-7.077370241179373744e-01,3.643333465083601896e-01,1.326421613905458541e-01,6.120446012993374652e-02,8.204419670198994652e-01,2.596757907974277302e+00,8.876434212728263606e-01
-6.404191751552767986e-01,1.737184628006180898e-01,-1.678630312545254410e+00,-3.972588803289731629e-01,-3.774651512478299220e-01,-2.201938051871000113e+00,-2.372712516679017503e-01,1.652908142494089461e-01,3.065169349123452402e+00,1.367128288710560469e+00
-2.463117221435362048e+00,-1.007187029191561889e+00,-1.813434627017198819e+00,-2.079570010424966586e+00,-3.376695625680695145e-01,-1.413663141244703603e+00,3.737471016374094290e-02,1.163844169856061428e-01,1.742516391948033538e+00,2.980061037420267844e+00
