-8.638560417353193799e-01,5.861120548192031432e-01,1.281491145089468819e+00,1.325673332812663086e+00,-8.952869044636150297e-01
5.977070222523486187e-01,-9.198260765016580409e-01,-4.403361087291215448e-01,-7.819897525953942719e-01,-2.971504071770556532e-01
2.042863297686274837e-01,2.644152717955450260e+00,1.137768326634482241e+00,7.152945705023723288e-01,6.121665896562693554e-01
2.279527244481121429e+00,2.703255084129518426e+00,1.305574069157942052e+00,8.517096648046380558e-01,4.603766187719365854e-01
3.306171537490338430e+00,7.082686442221248768e-01,1.499338905368747810e-01,-2.029479999643417631e+00,-4.582511058320827280e-01
1.218602055235265880e+00,5.160976990552426091e-01,-1.961070165914922558e+00,5.507275500229780185e-03,-1.076437129690176742e-01
-2.371233566224603795e+00,7.790027035978523973e-01,5.345318212181257023e-01,-3.510871375047279752e-01,-5.693445198763558146e-02
5.540451412268798670e-02,8.811234698027505807e-01,1.083133342384323961e-01,-1.989275405984336498e-01,-2.609418385937849888e-03
1.707617134113572188e+00,1.712682150663511260e+00,9.896814690627647737e-01,9.803627645092893861e-01,-6.304355636479194169e-01
3.226175622371231455e+00,5.405863668190149518e-01,-1.529976417922320753e-01,2.057179862868437681e+00,-4.611366799769205382e-01
3.449103254043738964e+00,1.240759207943797460e+00,-2.768004841351374701e-01,-3.372816270461861388e-01,-6.188784179810618014e-01
3.089252442483527261e+00,-1.817866916064366789e+00,-1.056906844525391076e+00,6.587260474941625255e-01,-2.878439103438527047e-01
9.664209349911128122e-01,-5.797484191793168540e-01,-1.771581389075548518e+00,1.847370869095242396e+00,-6.763102867249924932e-01
6.354382852298804396e-01,9.696328060741189470e-01,1.032315856026721601e+00,1.581867345152749182e+00,1.596971840963906653e-02
2.396418840501180370e+00,-2.025772520172301583e+00,6.590602725674523654e-01,1.756510039146549573e+00,-6.463922903049031943e-01
-9.370284922231646441e-01,-1.715243004806264127e+00,1.438348358112379710e+00,-1.059091076762527450e+00,-1.005782650990548199e-01
-6.151124468644189047e-01,-1.331586315651200225e+00,1.421699314484469401e+00,-2.477868468337575680e-01,-5.943265482921996634e-01
-2.120113893453672738e+00,-3.695493312651876749e+00,-1.083207373124820183e+00,-2.309978881622184677e+00,-3.034553186283483472e-01
-3.827080029826045227e+00,-3.646997744569602684e+00,-1.950500446696770140e-01,-2.138263760032308447e+00,-1.041484049753926833e+00
-5.164133834398988654e+00,-1.780007872254597556e+00,8.346564060367042126e-01,-2.162434137498238096e-01,-4.658505707287114439e-01
-2.900987833838017949e+00,-1.647696595507078143e+00,8.939835248946010893e-01,-4.423422772693521576e-01,1.773934755650140804e+00
-2.319731616409099750e+00,-1.298176799373309986e+00,1.397997284855153066e-01,-9.021647408880031360e-01,5.958573784198473167e-01
-1.302663625314526508e+00,-2.007628662877943615e+00,-1.024329095870505579e+00,-1.642071526138693116e+00,1.559391506657472615e+00
-1.594138141742562187e+00,-2.324884013071257804e+00,-1.103101621906726004e+00,2.484901157176609976e-01,-4.116627789826478034e-01
-3.055968047035093171e+00,7.965655650595484527e-01,4.069751546941510201e-01,-8.933265084532152067e-02,8.429790797194418595e-01
-3.397208667307784147e+00,8.930503234312907601e-01,-2.049087431280103566e-01,-1.806990726473133746e+00,1.073906312137081986e+00
-7.804046022133106497e-01,1.978086279699454719e+00,1.993059979717755059e+00,-5.194402571166640836e-01,1.746654256635464808e-01
1.593223907481546853e-01,1.079373090056142459e+00,6.646541451858243299e-01,-1.393644311166554406e+00,-4.889241474669063503e-02
-1.399251757004546626e+00,1.496289607694484491e+00,8.094590007251847297e-01,-8.735454871257940512e-01,2.850325933204301276e-01
1.099590868303321312e+00,2.092831484113686358e+00,7.604609457026347830e-01,9.049826901807025425e-01,-3.867553941877814316e-01
3.360956281610214536e-01,8.726666844031565340e-01,-1.247561450272346995e-01,6.071967318338782338e-01,1.452451396411054974e-01
9.285363790411383933e-01,8.392028335975552089e-01,-1.235469198054657936e+00,7.871124138216327726e-01,9.169443091737954077e-02
4.139912561274943226e-01,1.019176076211374848e+00,2.169332949106174135e-01,2.482991378584850639e-01,-5.594585611399950364e-01
1.291126799263286218e+00,1.234711369768621614e+00,1.792448806711161580e-01,9.152048325139144902e-01,-3.232698938518966392e-01
1.757734178534216429e+00,2.115697774968414713e+00,9.488586749643342921e-01,1.775300762935511090e+00,-4.486917639847655126e-01
1.031315281085719349e+00,-3.122489038952203089e-01,-5.731873172165196095e-01,1.344419403192402829e+00,-2.835230576673491987e-01
9.288502411225010302e-01,8.342360611680437188e-01,1.522215043346095253e+00,2.049846393680220480e+00,5.656514074207229514e-01
-3.630318568296364568e-01,-5.099947396519282083e-01,-2.077012237640037950e-01,1.231413625772714848e+00,-6.640101608885000672e-01
-2.718638246500075795e+00,1.006525496436935896e+00,1.182410817828213778e+00,2.528861310810693652e+00,3.977696208867847472e-01
-1.056750846360656748e-01,8.804618930128804699e-01,-2.705881504084572953e-03,-1.000017274536049827e+00,-3.803852154623302284e-01
-2.239625616242960415e+00,5.073181538594079276e-01,-2.608025285559527173e+00,-1.181189549449890741e+00,-1.136133454818811339e+00
-2.769056736098930216e+00,5.655423455288297596e-01,3.927755299538675526e-01,5.773014572566979030e-01,-7.855459121382598608e-01
-3.230002544151047150e+00,5.766276135083348020e-01,3.595268691055027999e-01,2.831578405616403948e-01,2.973046642785329707e-01
8.621017425137305068e-01,1.442952965595090564e+00,4.212960707168686425e-01,-8.029378651373722531e-02,-2.161735533047374758e-01
1.799068845144140338e+00,5.082276800631814195e-01,1.338131691229472064e+00,-6.273778213582743568e-01,-4.328535717228897406e-01
-1.503531485092357567e-01,-1.739088416332317921e+00,-5.872172658468624018e-01,-7.569452236134995848e-01,-2.325826012505161078e-01
-9.131013049873892840e-01,1.652642632472576922e+00,1.409573062546638500e+00,-1.134594442308462847e+00,-1.314114046858149143e+00
-1.502515566977238759e+00,5.558879106144343218e-01,3.550655950088663082e-01,-1.607846451203510885e+00,-1.997904294331463770e+00
-1.864771588233600674e+00,-5.080168484647518135e-01,4.657088304809984258e-01,-1.446232630695282184e+00,-5.283410099290932749e-01
-4.177833194698788333e+00,-2.139657624785897383e+00,5.077882750499644882e-01,-5.627872307944243868e-01,-1.683166666294779290e+00
-3.421601010608918525e+00,-2.230282347429550782e+00,-2.513918856948257341e-01,1.201368242634999195e-01,-2.790216397593647812e+00
-4.804655726255896653e+00,-1.891958353483258026e+00,4.338211734686977517e-01,-2.034520048920254620e+00,-1.582199381872558597e+00
-4.409991195138834641e+00,-1.056931867902002331e-01,-2.456987667560025512e-01,-2.535403986259204601e+00,9.803374567993060618e-01
-2.634257107691265087e+00,1.205541792422428760e+00,1.478484569472566346e+00,-1.968022498673691389e+00,2.207429607527368720e+00
1.022986658718304742e+00,6.309183421341391096e-02,2.635555888810614533e-02,-1.965276648377519919e+00,7.170998971861448634e-01
8.231649814289198064e-01,1.108125971786568575e+00,2.601794622513919464e+00,-5.991850250045498427e-01,1.459835211223940332e+00
1.553047296978191660e+00,1.264056734628757672e+00,1.242599497924534502e+00,-1.886155878493539939e+00,1.582496174682066936e+00
3.156683454127209743e+00,1.110086670840549017e+00,1.537882246543577303e+00,-6.429678372758387273e-01,1.198792743974016251e+00
2.854576773829560210e+00,8.857077099603867243e-01,1.291291484116619204e+00,9.392009128958351827e-01,1.706573022928026928e+00
3.158635105928263354e+00,9.667502238263332437e-01,1.102144664749422853e+00,6.006260024111218510e-01,1.314413426797260254e+00
5.516732268925656157e+00,1.319238672690068004e+00,-1.253132551981579468e+00,3.590315610083561482e-01,4.019582543590201618e-01
2.789998499101969287e+00,1.934872681370372050e+00,-1.158473398409488375e+00,7.639133257664079135e-01,-1.561389839767573173e+00
1.713016148790446502e+00,2.506474516442357414e-01,-6.818617358300249620e-01,4.127169568240194319e-01,-9.219647309978089567e-01
2.116987294571766487e+00,1.260693780968471733e+00,1.866168485028926405e+00,3.040242233225614599e-01,-3.517181992136529933e-01
2.765201873730412263e+00,1.099099680995883066e+00,6.893714020789907249e-01,8.750397878138921337e-01,-4.472845641158801344e-01
8.435499487437359001e-01,1.111951867241001812e+00,-9.386041994385803111e-01,2.044128130496294382e+00,7.321036606056932072e-01
3.524847486718265976e+00,1.168228688784985092e+00,4.519978716242377126e-01,1.308793034449067250e+00,1.212201347016694797e+00
5.733682413353447416e+00,1.674620922838454096e+00,2.012460368089298957e+00,5.729312408973340487e-01,9.982266409147803055e-01
3.307131641595650429e+00,3.557297245660356877e-01,1.262495648248046054e+00,-8.885956732967672522e-01,1.165526402714563536e+00
3.828180509165581391e+00,8.338946591302021094e-03,5.998865927257883701e-01,-8.347522375296998476e-01,1.258705969300932370e+00
1.852292932831108629e+00,-9.417453853870854097e-01,5.726894156807109670e-01,-1.932654127993885140e+00,8.533946663180147496e-01
-1.267624105748698105e+00,-7.451259964932693824e-02,9.418393873646448977e-01,-1.578288485849800971e+00,6.253985117770467506e-01
-5.329585430592407302e-01,1.787423165941648406e+00,1.010375622327371881e-01,-1.172300099833611053e+00,1.293210919255624480e+00
-7.258124956450695553e-01,-1.425062425609824324e-02,-5.918003741831699971e-01,6.829275745813793153e-01,1.733611511801168348e+00
-4.168067604738117105e-01,-9.684249820926910113e-01,-1.354736649720481800e+00,-5.487004386966169989e-01,-3.304798582443202459e-01
-7.046608604136658238e-01,-5.658789884741133314e-01,-2.116074472039989107e+00,-9.444541188283622768e-02,-7.891916097256111984e-01
-1.611117612447107383e+00,5.063188628983568140e-01,-8.538342111414551905e-01,1.135475849467882103e-01,-8.306683808160721938e-01
9.868899385288678605e-01,3.107584885236968630e-01,1.352236194528507962e+00,1.539662659274400325e-02,-1.613182215192940472e+00
2.810730000979813514e+00,1.263472852177959904e+00,8.507961042107641259e-01,5.247971518174824324e-01,-2.219791682715575032e+00
1.369439402887280055e+00,-5.657280669541693285e-01,-2.630628402217803918e-01,1.828529479847014749e-01,-2.804386968723414419e+00
-1.530810735102017039e+00,6.595610324699421323e-01,1.181440992447275518e+00,-7.767851262028416803e-01,2.129895454615620132e-01
3.574565929299252515e-02,-2.882961619287076616e-01,9.403455436018017810e-01,1.597845236144825321e-01,5.333577984969466446e-01
1.722964610013256737e+00,-1.745439660629233947e+00,-5.254691275190073174e-01,-4.430980970434322819e-01,6.090269775003600561e-01
-1.234250649792576926e+00,-1.545208745764838687e+00,-6.241658205052164066e-01,6.599155075175172636e-01,-7.536337722136395856e-01
-4.793533877778679564e-01,-4.434981770501414955e-01,-4.972413946081737368e-01,3.755217283581460674e-01,-4.535631392143757434e-01
-1.060623331522957624e+00,1.827678630861842013e-01,-2.398979166039997946e+00,-1.246749238985523700e+00,-1.596931999620513132e+00
-4.160754876026631521e+00,1.086629188287962927e-01,-9.556039695746707530e-01,-3.390133169184816886e-01,-1.165077992802819651e+00
-3.879054564418349393e+00,1.861094533236290038e+00,-1.559825264590239069e+00,5.629889794708100581e-01,-2.227132834707529874e+00
-2.805653264195467234e+00,6.415878376647440318e-01,-4.434756776812693868e-01,-4.375641681929224314e-01,-2.437752365723335757e+00
-3.515456537585238017e+00,1.271825334046260414e-01,8.524988696050557202e-01,5.433380166613095419e-01,-1.104162198774122805e+00
-9.518570430609375466e-01,-4.957202569025188077e-01,5.249693941573355671e-01,-6.488660425415997413e-01,-8.475298895590092085e-01
-1.971905961306566146e+00,-5.656796367467036291e-01,-4.575190136522509499e-01,-8.528398138025532482e-01,-1.232659260514416211e+00
-3.236084062530493188e+00,-1.428102061383206722e+00,-1.427166305065229679e+00,-5.396766975719112791e-01,6.984644934899695290e-01
-6.677780297321840308e-01,6.202432842624159282e-01,-6.171196462717368769e-01,-1.029040403322410535e+00,-1.095350121622887807e-01
-2.667763084452660749e+00,-8.287963548447754292e-01,-5.856386870609953110e-01,-7.420835640342113848e-01,1.301795058116751447e+00
5.838521186864034096e-01,-1.749058415214566065e-01,-1.539354070769750615e-01,-6.735739414428316696e-01,4.704733427293033565e-01
-7.168086510620128582e-01,-3.379909893313895464e-01,-3.623683751546316056e-01,-2.520630610662414561e+00,1.554789425762602983e-01
-2.784760853672192837e+00,9.866135483857188526e-02,7.528490928716132791e-01,-2.039188233813337359e+00,1.539653188595831557e+00
-1.069504582876856569e+00,1.561385907895159741e+00,2.400027027887708719e+00,-2.003388861891636008e+00,3.993008455313452609e-01
1.737037061111499137e+00,2.055904502830136593e+00,1.565418730797611957e+00,-2.200997607366121045e+00,-1.252023395431851815e+00
2.015919487145626299e+00,2.709121141170395042e+00,1.804340979404458700e+00,-2.495405317037057147e-01,-8.584970454573735976e-01
1.239449333129600817e+00,4.997504305726534479e-01,6.485511495773406132e-01,-1.304364716207148556e+00,-6.012093699365586019e-01
7.109965181201385320e-01,9.175934487236497850e-02,3.228118327906293050e-02,-8.351181048687595920e-01,4.197091041346462936e-01
1.473679581558020590e+00,-6.649995778256741208e-02,1.633612775561611996e-01,9.814462709548794628e-01,8.465661182028967335e-01
8.943442186590333520e-02,5.030615845630518335e-01,-1.383094790925549322e+00,5.304629354560315146e-01,-7.767014712645070595e-01
-8.746792249676619280e-01,1.413051613690297081e+00,-1.554520943079638950e+00,6.768651107835581548e-01,3.963357905349641497e-01
1.698191391451769672e+00,2.262005597452460659e+00,5.739635728272033388e-01,1.937399843919087594e+00,1.824250844605640021e+00
4.945979726249537300e+00,3.333651248194108296e-01,1.599655748036275527e-01,1.402963001490956874e+00,1.205768402198598377e+00
4.834330282186182437e+00,-1.701208100651349642e-01,1.530312391857805876e+00,1.194962607321253589e+00,9.287700367412314861e-01
4.997921428651656228e+00,4.871058114787958915e-01,5.631611157580413973e-01,2.535001435352284282e+00,8.360539758321656745e-01
5.262575820353188050e+00,1.411656426885399551e-01,9.226131769947287786e-01,2.436632833785684404e+00,-9.758438875583724803e-01
4.651921227758587740e+00,1.167634984543024501e+00,4.459309740619354923e-01,5.952458593903988682e-01,-2.564131257476438996e+00
1.453520145597018143e+00,2.194250460572025219e+00,1.626804584122874542e-01,1.112967717486400998e+00,-8.918937413012142379e-01
2.262748422245139501e+00,2.006421845321852082e+00,-3.597418159292913309e-01,2.714242455596966863e-01,1.793622650010727515e+00
2.896651548031102141e+00,8.220324117336808012e-01,-1.291168777097706721e+00,-4.581489375281470600e-01,1.131517063108044008e-01
1.029093369868773422e+00,-5.164456299093371783e-01,-1.122665696106702193e-01,-8.932891382662107027e-01,-7.653788473403745352e-01
-2.618465428137896733e+00,-6.510769020383389005e-01,-2.299748429760933577e-01,-3.559158276200386495e-01,-1.004401470326429902e+00
-4.447366725267377419e+00,-4.839255621728824619e-01,-3.511780753629073493e-01,-1.098108492848930418e+00,-1.335755977641282621e+00
-3.099012512032914834e+00,4.818927890183971607e-01,7.278488673002474485e-01,-1.554736444633041392e-01,-3.733059666812315602e-01
-1.922159842338281965e+00,8.137555300690695326e-01,-3.542344885523131537e-01,6.582302046949511931e-04,9.550347272518218134e-01
-2.621763722189165424e-01,2.443748141442017907e+00,-4.540247184118229584e-01,9.446169083117995635e-01,-5.478505481340563144e-01
9.524106725449926758e-01,1.277376293031948329e+00,-1.786091751020025153e+00,6.883910114812293868e-01,-8.883155345477092846e-01
-5.799917827497891309e-03,7.013053239354689605e-01,8.305174661416803161e-01,-8.921158509634394829e-01,1.071866730370508169e-01
2.735914000159908710e+00,-1.531122533466600655e-01,8.993924659190805082e-01,4.950778576685634924e-01,3.541722723196508715e-01
2.349320541445934829e+00,7.931697165349636813e-02,6.285829683836697823e-01,4.433865576388673624e-01,1.992332380880610376e-01
3.090372529367024335e+00,1.006831067828329207e+00,6.623263070045759537e-01,1.177251184795567562e+00,-9.269237298177961382e-01
3.101039118016272855e+00,2.721329080422237645e+00,-3.402288477750281537e-02,1.043111887990932463e+00,-2.943675549606000530e+00
2.826455730602337013e+00,1.644948469774236699e+00,2.257497735026928534e-02,1.257945927814672959e+00,-6.190389464342938020e-02
2.474960716424448925e+00,3.354903242300902866e-01,-4.081689905397163365e-01,3.829972644648350633e-01,-5.942378876393689113e-01
-2.824175259278300931e-01,1.206344667108405766e-01,-8.003809842330172897e-01,2.763434097977725656e+00,-7.902311150645583426e-01
1.157241885215309463e+00,2.393496091185290719e+00,-1.329371947806092358e+00,2.324995129354329837e+00,-9.941171393091209341e-01
1.687642237727860817e+00,3.099466301751995445e+00,-1.457268589258544633e+00,1.255628927566928565e+00,-9.195021679861782316e-01
7.089281348495681812e-01,1.683692089959157645e+00,-9.714186777192665989e-01,1.883133756423489347e+00,-2.911908425855076477e-01
7.481554880616014813e-02,-3.470967595177339993e-01,-9.862008341264183464e-01,1.576524027633595892e+00,-9.179883262426791202e-01
-1.248580238048688562e+00,-4.741564733973173684e-01,9.571458344465773038e-01,2.273084032956695477e+00,-9.211356347636205921e-01
-5.551488892306364331e-01,-7.516112436896842386e-01,1.490737923531314069e+00,2.083893677328452654e+00,5.263363535045768593e-01
2.835852223090662871e+00,-1.249040120801059528e+00,1.746472365810426197e+00,1.081742739139263554e+00,1.067806697339043431e+00
4.055337197861345722e+00,-8.392652951137441475e-01,8.840713855399450205e-01,-5.024964807809357836e-01,1.597863878546542438e+00
1.681845743440203655e+00,-1.068281126712503082e-01,-1.060461864351958994e+00,-2.787373585072035809e+00,-2.948192566173660767e-01
-1.691849395170342829e+00,7.260834700461912816e-02,-2.577804941348317835e-01,-2.914819522803695495e-01,-4.667138458920879751e-01
-1.436198029490442174e+00,-7.125827739013326223e-01,-2.579426425066692619e-01,-8.725529432536341945e-01,-2.132310365452919076e-01
-1.396654540632790376e+00,-3.579329232808163286e-01,-1.071054501581189422e+00,-1.287790896852544442e+00,-7.138766491441888018e-01
-1.948778473036344439e+00,-1.951311516836023774e+00,-4.951153847169875166e-01,-9.988643302189597062e-01,7.824100525920950622e-01
-2.279979760586963167e+00,-8.247917222459903996e-01,-1.323707892637824290e+00,-2.309235695617311901e+00,-3.953473747401864413e-02
-3.302725170212228001e+00,-1.501229249217885364e+00,-7.207431074827534978e-01,-1.408894826549540902e+00,2.915655453322221757e-01
-3.264902022592242492e+00,-1.052521631022847126e+00,-1.330996448870515603e-01,-3.241086444924982768e+00,-3.189134930068711071e-01
-4.065845489458241424e+00,-1.272080366837268217e+00,-1.089341249980413817e+00,-1.781947728364689176e+00,9.298890990386777800e-01
-4.354745929086854872e+00,-6.036565101734218119e-01,-1.022902129185998321e+00,-2.002918597994181926e+00,-9.628118257581229633e-01
-2.710008581033934938e+00,2.381593963012120341e+00,2.855686610684542437e+00,6.747307865065850230e-01,-1.075070998538220635e-01
-5.805561406164294613e-01,3.805727768580260406e-01,1.126519563966665416e+00,4.441687487455069361e-01,-1.389155906430541210e+00
-1.204713714922558965e-02,9.378779757893946911e-01,9.109558662306754817e-01,1.765676250730460473e-01,-8.723849888677166486e-01
6.918804580381585634e-01,1.740410305500957877e+00,2.129889842773676989e+00,2.247661207034593045e-01,-1.031476661033914777e+00
3.541988051821278738e+00,2.649123880188183122e+00,2.305849647870829244e+00,2.011565556648750697e+00,-1.229404512186262899e+00
3.424929673154665455e+00,3.643856497093438396e+00,3.155847561622481479e+00,3.478762501187617762e-01,8.391328596284938213e-01
4.260026269214590933e+00,1.950371512002175844e+00,4.407633452113524086e-01,-2.392244458017828423e-01,1.357443450019084397e+00
2.983530645358386746e+00,1.276445556552724403e+00,6.169763976059252641e-01,-7.844798345208831014e-01,2.069476999447533050e+00
3.608310371914254411e+00,1.427307507109499829e-01,3.113795552555286505e+00,4.531306145907744165e-01,2.290914296695171881e+00
6.249183483282255480e+00,9.194860289072924464e-02,1.978519336925400163e+00,2.030281181449303585e+00,1.781510834516927932e+00
5.122724450432247778e+00,1.717802917056939993e+00,1.769681843952813249e+00,1.781120120640110827e+00,1.967643425916217215e+00
5.456409231035387997e+00,4.264453547763344399e-01,1.922552888733949139e+00,-7.910187343779147007e-01,-6.975280745918902570e-01
1.724199504184731779e+00,-4.589277759569152515e-01,2.541583450215898932e+00,7.001630870883958080e-01,-2.240571063769513649e-01
3.901067624810880652e+00,-6.617330794453262222e-01,4.494219527695171301e-01,-5.301407321482178858e-01,1.229330203032027002e+00
2.018045955225690857e+00,-2.670573682054999676e-01,8.648941850460233338e-01,-5.428645124775187680e-01,3.717168588390179496e-01
5.751903197120743494e-01,-8.881376673429369761e-01,2.876126525131939005e-01,-3.566039783513597627e-01,-7.142399925934385108e-01
1.591937261190654596e-01,-2.039676298303377822e-02,8.173821028018842805e-01,3.704565012357502463e-02,-1.636737515401204268e-02
1.915281337304635567e+00,1.128755174462147792e+00,4.181445473895359366e-01,2.720728478560464403e+00,1.647046130827294341e-01
2.764564148720575432e+00,2.867862303528168066e-02,-9.711215889515256716e-01,1.231552436672908479e+00,1.245576308884616956e-01
-1.309302070844350130e+00,-2.218963410944987391e+00,-2.758958048428360232e+00,9.829379418354758924e-01,-2.132552820463468279e+00
-2.898875769671194202e+00,-1.432315632527658478e+00,-9.270835204218341730e-01,-3.629382318102495342e-01,-5.223946498958657036e-01
-1.362621827842963373e+00,-1.590477060054480862e+00,-6.737962220498626698e-01,-1.799233388889164953e+00,5.197722320118276507e-01
-1.821305642502789812e+00,-1.812216061987898641e+00,1.967392870940749550e+00,-6.236399432543793253e-02,4.356604440816344015e-01
-8.663225491624545471e-01,-2.111330454437075232e+00,-2.976849003835186913e-01,-1.267861107647928920e+00,1.178556223792601304e-01
-2.074439576462662416e+00,-7.015040331759896386e-01,6.375207475319478734e-01,-2.574949768541417994e-01,2.060814696394252521e-01
5.490973109271963803e-01,-2.748552527625044983e-01,5.780601464586920812e-02,1.536384728318105575e+00,-5.947012226025383264e-01
6.842914090199123667e-01,-7.260917280484322500e-01,5.943231189815152415e-01,2.403469044429030754e-01,-5.678725102619812670e-01
-1.569341581771480088e-02,-3.538478503530709252e-01,8.786823676635604485e-01,1.859473238640885207e+00,-1.045008175241857629e+00
-1.513285760687931303e-01,1.006596090375434294e+00,1.727064915937810419e+00,7.674552428570045048e-01,9.616176303602980147e-01
4.287240578698812143e+00,1.577652171832188976e+00,8.029674307521945664e-01,8.185014219304860283e-01,-5.137396319377836029e-01
3.028820406753582439e+00,1.109533733622145357e+00,4.971927470357462298e-04,5.140699652740605696e-01,-5.435989239330123457e-01
1.146092795130319253e+00,1.681555743922293678e+00,7.537255793297298334e-02,1.013785576380380693e+00,-2.853868745969409537e-02
2.138591678697064680e+00,1.939172161303683417e+00,1.093132040286723061e+00,4.637789203713720831e-01,1.123494433997214159e+00
1.646949266474962981e+00,1.070558729500231676e-01,-1.881697755995822341e+00,-5.650804296542387695e-01,-1.096491279024985666e+00
-6.053785235329258718e-01,2.001181001294488837e+00,-4.714973746048995995e-01,6.198105537587546010e-01,-1.500825256227904081e+00
6.399008989435763795e-01,-7.001357901981304366e-01,-2.931359648944557028e-01,8.067062148816399603e-01,3.573478728798111792e-01
-1.600550926838830490e+00,-1.469389241062178719e+00,-2.196174169629652173e+00,-2.241135061754232494e-01,-7.372915620595046349e-01
-2.241724622357459840e+00,-2.408412502629584950e-01,5.650483350573036745e-01,1.123235377249295897e-01,-7.315795847223538484e-01
8.187438497662324899e-01,1.434009551535206928e+00,5.186823854898177100e-01,-8.753955584798196465e-01,3.198100482614000817e-01
1.574578969171060550e+00,1.499051641140531910e+00,-1.672661102650152554e-02,-7.324852190604946856e-01,-1.338083924850586692e+00
-9.847536565489256599e-03,1.882516814776473479e+00,-1.515920084217380337e+00,-5.382199308684303407e-01,-2.906489598224045512e+00
-2.037189159067567701e+00,1.855924610165559319e+00,-7.263753533105117288e-01,-1.300977576931523938e+00,-7.279310840854049669e-01
-1.020458193268332980e+00,1.530819519545145280e+00,6.149488074609854582e-02,5.055116350690325167e-01,-5.649479753554961237e-01
-1.576896396620925955e-01,5.150005193444291418e-01,-6.698385991577432419e-01,-9.625325996660394345e-02,-3.691486103171827127e-01
4.386971411312411973e-01,2.892798875242429180e+00,-2.014432557658428213e-01,3.000221942985976220e+00,2.134837115144931907e+00
4.829792856804908219e+00,1.793731057048984390e+00,3.558752006961375391e-01,1.745971742325733711e+00,3.016941631494211018e-01
2.901888083001934238e+00,1.788934865670679386e+00,-5.762949381526105697e-03,2.785814769789702439e+00,3.669570125763137458e-01
3.313520771806558241e+00,1.512879481767059886e-01,-2.228876490938871135e-01,1.432433229923899765e+00,-9.896914448126203911e-01
1.685380247733818448e+00,4.163604538500166319e-01,-5.857351604601121475e-02,6.536421318239338252e-02,-3.393858049267901578e-01
6.110721370884287795e-01,-1.528184212739652992e+00,2.522623647542080239e+00,1.366138498887792263e+00,-7.646132569824486414e-01
2.446988621481206216e+00,1.487600196237497840e+00,3.274703031356819061e+00,1.785272295002773735e+00,-5.297659059628789802e-01
9.151867438153198364e-01,9.347800848916456573e-01,1.840334780247967705e+00,1.183792501930713836e+00,7.100942674064623095e-01
1.814000406084825379e+00,-1.525423101028713369e-01,-9.058713908154579775e-01,-4.491527515036985996e-02,1.055031142659512700e+00
1.203654952372807729e+00,-6.228140552138330399e-01,2.295915573433078283e-01,-4.904675955229900186e-01,-1.087842610551343903e+00
-1.506606787268599090e+00,-1.326162961352828518e+00,-1.541568757737732387e+00,1.522952004055461828e+00,3.028472122976022529e-01
-1.545819914834495323e+00,-2.724842855951763454e+00,-1.945544635182193893e+00,6.240774347866188121e-01,-5.952561792283934672e-01
-3.263190306567591570e+00,4.285971267239792049e-01,-2.672309162498202717e+00,-1.043979340906479925e+00,-2.261089944476634694e-01
-2.478269803181756714e+00,-2.711536020056203866e-01,-2.828744922164275089e+00,-1.125686680996972999e+00,-8.933094008667459285e-01
-1.865095074921520713e+00,-3.637778695451188149e-01,-1.214528783956875246e+00,-1.184130589277009094e+00,-4.428225042069894313e-02
-1.348899537458893905e+00,-1.011438302644066312e+00,-1.217569165621646299e+00,-1.158540037699641978e+00,-7.957426759919693504e-01
-3.217403545926581288e+00,1.198493965554777718e-01,-5.966495699525404817e-01,9.482436262503458613e-01,-9.663187227058150919e-02
-1.556058046634044345e+00,1.139647153980155148e+00,-1.154114612708219356e+00,7.434465678330495209e-01,5.671601585918250032e-01
2.891630987722993762e+00,2.774824681444729713e+00,1.849839932522980401e+00,3.190808200815893336e+00,1.382113239831621154e+00
4.689664348493142398e+00,9.865804960755314434e-01,9.283138704126654428e-01,6.438103887656723145e-01,1.303357962044010554e-01
3.288185826550724222e+00,5.688256659413609695e-02,-5.543936035989969202e-01,4.581798124866937050e-01,-2.344821607945999919e-01
1.029859522235528013e+00,-1.906294224552037009e-01,-1.322757581356028556e-01,5.781583845309703484e-01,-1.915900699292278353e-01
2.117201382392636666e-01,2.072138074136865848e-01,-2.441662797956785924e-01,4.148303857146266038e-01,-8.851925870466469393e-01
2.154605256107319455e+00,7.099678988368136601e-01,-7.161937666655490142e-01,-3.395666503999383856e-01,1.479058947335318619e+00
1.373510403452812279e+00,-1.125641769914481394e+00,-1.813423444935704953e+00,-5.814327431347932063e-01,8.681801291955018041e-01
-1.950476770817787253e+00,-2.643826646647557954e+00,-1.958926200673953621e+00,-1.205782421684430838e+00,-7.305426493831355117e-01
-4.336344608662554556e+00,-9.809008273168697833e-01,-9.083289799420034560e-01,-8.849153623644412381e-02,1.291769277284130935e+00
-4.074880170231875098e+00,-1.659548868875020844e+00,-5.069143520990759821e-02,-1.502479416912393617e+00,-5.360453429638805112e-01
-3.583790128737970537e+00,2.571373800579961344e-01,1.033898095592741484e+00,-5.890317092692494150e-01,-1.191061335680672517e+00
-4.773593047261364575e+00,-1.814433303081286253e+00,-6.720667935944659721e-01,-2.285917197901597753e+00,-4.066515382041679949e-01
-5.913272763679284338e+00,-1.497098835015883811e+00,1.071145205241375020e-02,-2.820541012007979464e+00,-1.267124753166617435e+00
-4.291273459720253314e+00,4.057579356465620402e-01,8.333854539004512674e-01,-1.077247723895019327e+00,2.346406139631932453e-01
-2.448104929417094233e+00,-7.567402893944583098e-02,-1.003610282633156658e-01,-1.070299731053617309e+00,-4.314943122737384673e-01
-3.291309364714970265e+00,-5.202432155433452943e-01,1.462509482495019997e+00,-2.023183245355649085e+00,-8.118534826816408145e-01
-4.576404397508082589e-01,7.378784790833207152e-01,1.503700679075456126e+00,-1.836546058357217959e+00,1.404754365295316720e+00
2.233765679344122290e+00,8.278471420563349170e-02,7.414991118811709025e-02,-2.809723484725064502e+00,1.367546796717784563e+00
1.895885996246448935e+00,2.618969022759523924e+00,3.197354173414584944e-01,-1.764056464849104611e+00,2.174818519626801283e+00
3.263335773652600302e+00,1.017662492553614850e+00,8.926957240104262947e-01,-1.794859492402429701e+00,1.617502089814037980e-01
3.237907699009855200e+00,3.801118658447349974e-01,-1.657771592176282560e-03,-6.718269617006996652e-01,1.028020726194018630e+00
3.940169925481385782e+00,1.212078451143939972e+00,-1.308060350812590755e+00,-1.762725597209903405e+00,-8.753505424192168372e-01
2.330615247707781834e-01,-1.215388087481751311e+00,-5.736314031449363249e-01,-8.105450753604506176e-01,-8.471435380888292510e-01
-2.686568715926957118e+00,-8.468025298538159884e-01,5.365185256627826860e-01,5.578321094875958730e-01,9.625786137138252485e-01
-7.111736458599330346e-01,-1.241986316156841408e+00,7.962661294021595726e-01,-7.162926503984217153e-01,-6.500868345028869566e-01
-1.256807642398901859e+00,9.636467509564605738e-01,1.028171804241784004e+00,1.136359904494515627e+00,-3.974562228349959314e-02
1.794225888918310474e-03,2.432986491533241369e-01,3.844045060358626253e-01,9.464793729216538498e-01,-1.888368898614837810e-01
1.399519309298034031e+00,9.169682816931634672e-01,1.094243767164997383e+00,1.269764778000487038e+00,5.554979921473460758e-01
1.331003491574874742e+00,-7.417555030247595660e-01,-1.878790027112294814e-01,-1.884202525364201408e-01,-6.379927604190143153e-01
-1.519504621825674029e+00,-5.841995279332808932e-01,5.171125191093619566e-01,-8.764714051733310529e-02,-6.779411361563811855e-01
-8.217167779973945096e-01,-1.109641348002326389e+00,3.910140657352110805e-01,-1.134892419951675002e+00,-5.309235147320181536e-01
-3.923484378845267795e-01,-9.587115312335752204e-01,-2.450256797914153739e-01,-1.702495406629846109e+00,7.737653022551647108e-01
-7.174438896353642070e-01,-5.812997056622577485e-01,8.265952600626838565e-02,-2.030722350295625755e+00,-3.434816199756082211e-01
-1.843774213199241174e+00,4.696478015970064757e-01,-4.989890997970074515e-01,-1.826020070359994474e+00,-1.864200314916824697e+00
-3.067376492357087425e+00,2.751791004831857235e-01,1.186302026707290569e+00,-1.435574344996787932e+00,-1.035446318246754371e+00
-2.245772496916903282e+00,7.898997897178063887e-01,7.123949655406858206e-01,-2.013948368609855599e+00,-1.198332630348331040e+00
-2.115067959274822051e+00,7.250896481432967944e-01,1.983357279110165017e-01,-2.633214555464927997e+00,-1.016596304298986508e+00
-4.135122981533227993e-01,-3.035072878392200413e-01,-8.515072452133227721e-01,-9.096170594455176284e-01,-6.011853439183426628e-01
-3.145707466804794628e-01,7.042224130600192034e-01,4.142368680490487454e-01,-2.478999343860744276e+00,-1.787321906560181528e+00
-1.455927357417975188e+00,5.978380953925539476e-01,-6.666682362965414832e-02,-1.535331157558218029e+00,1.082391857580407457e+00
-1.939647392632479317e+00,1.350455288341012583e-02,-6.714019993493893779e-01,-1.678392554206159293e+00,2.510015455899064385e+00
-9.678337294690014803e-01,3.811533627963537563e-01,-5.044020253257206488e-01,-1.343897172408640595e+00,1.627919523161546422e+00
7.307355536407307284e-01,3.834614955201582354e-01,-1.836120680945484862e+00,2.262273475967960801e-01,1.351390518734369772e+00
1.120484993231895654e+00,1.104396385741857056e-01,-2.092786331742445327e+00,-4.145475399170360786e-01,1.059030979352628243e+00
-1.491264076018665508e+00,1.672542768550402958e-01,-1.864572275310619531e+00,5.589075542096605398e-01,1.140731268978986801e+00
5.885627869323106776e-02,1.849736440600764920e-01,-1.227668720523290125e+00,1.367355359639123247e+00,8.287256436733031473e-02
1.374690663406389346e-01,1.127781571852931819e+00,2.926155885000254475e-01,1.052274131996600914e+00,9.316536147588074801e-01
1.478932538353915138e+00,1.093089968969623182e+00,-3.331719291403623107e-01,-4.404501120393801150e-01,9.315590899656400747e-01
1.492336224430764080e+00,-2.902711516462275210e-02,-5.532484121651601860e-01,-2.903869931506484758e-01,-2.180471088413955538e-01
-4.698634964792830493e-01,-2.896790679509512856e+00,-1.234791772248195751e-01,7.116515468640208786e-01,-2.301802753106102717e+00
-3.117581860155400619e+00,-2.122248847181189557e+00,-1.032810195235492889e-01,9.842301324576696597e-02,-2.186298932140560147e+00
-5.372086156043190286e+00,-4.045711133483355093e-01,9.411492385410035189e-01,-2.879380878072543837e-01,-1.586404545512746456e+00
-9.027062364728331012e-01,-1.870443429448610251e-01,-1.038330803561119398e-01,-2.892224985681982052e-01,-5.831592190803046583e-01
-1.376265041176618187e+00,-1.179631506449110967e+00,-4.744857493350426725e-01,-8.402807892073029805e-01,-1.150235540773250520e+00
1.241163769736166600e-01,9.107410910619206934e-01,1.330423917925773747e+00,-4.265476188824595116e-01,8.911056686886931200e-02
-4.672098914834600381e-01,-1.662606296828297858e-01,5.941816811640331375e-01,-2.027465187156901605e-01,-5.191625391285054070e-01
-3.711089795837602123e-01,-2.905189585682291242e-01,1.028035367318058890e+00,-7.411273643079128171e-01,-1.644807322310441744e-01
6.764711378203487335e-01,-8.830270676532420149e-01,-2.098468505509752724e+00,-4.592338937403755428e-01,-1.290828691588238986e+00
-2.858653703244136590e+00,7.246954555090967531e-02,-2.673370637273082551e+00,-9.033407212416950660e-01,-7.971810529384738553e-01
-2.834773433116925645e+00,2.444731083784123515e-01,1.913352049104521946e-01,-2.646008949871403448e+00,-1.714822036589346843e-01
-2.799138475647049873e+00,-5.332638418981928696e-01,2.914557191354336663e-01,-9.694520871986340715e-01,3.920478664525811618e-02
-1.966758272835779531e+00,1.866115095070971508e+00,1.095054395579555973e+00,-8.290482685337676738e-01,-8.248996966020816224e-02
-1.727611613596782725e+00,1.830532611002875232e+00,-3.466783056701800980e-01,2.201420875770228047e-01,2.154614557134931219e-01
5.117188279447264510e-01,1.234166172114437021e+00,1.528211499544029017e+00,3.256489467192794640e-01,9.662011672969246234e-01
2.068918611749553271e+00,1.163825308708219985e+00,-3.654225622081697100e-02,1.046442702535642866e+00,1.172206218480385864e+00
3.861995644784406601e+00,3.451498060391877676e-02,1.222367563775963673e+00,2.294141924621156403e-01,3.232986160201878345e-01
4.600673624011609952e+00,1.013764164841246762e+00,1.706539047707512857e+00,-6.268656075851435361e-01,-1.235823982494855144e+00
3.382425331009995428e+00,1.386111842276888551e+00,8.123407490563402389e-01,-1.813957733926072069e-01,-1.370547509665255959e+00
2.750377850757872888e+00,-6.480769157576249384e-02,2.575613000285222665e+00,1.765189601825676968e+00,-1.323551276589169712e+00
2.509509333886918547e+00,5.311825991062315566e-01,1.531540106814547775e+00,1.601515272437094684e+00,-5.964300568157597793e-01
7.393734528564024355e-01,8.067561982867297310e-01,1.803816939547332687e+00,2.650014760079382192e+00,9.626146561701828253e-01
2.936422636493391636e+00,1.086072712788986649e+00,8.900606393800403193e-02,3.988037825411578918e-01,1.028181349933392941e+00
1.728684239090493069e+00,6.454733739355569266e-01,-2.534841902141597991e-01,6.712829087850907817e-01,1.097453631832782661e-01
5.967084986550961201e-01,5.125490941929606858e-01,-1.199218413718801113e+00,1.425186244410781455e+00,-4.501407287327341411e-01
1.931143936347432755e+00,-1.322783533304803472e+00,-7.460209643339497099e-01,1.602872336044984802e-01,-2.388522647797343357e+00
-2.941453807094176476e+00,-1.196611454260311902e+00,-7.265866508785834288e-01,-1.371985069820214509e+00,-1.380293986084076607e+00
-4.079428518478835031e+00,-4.492090176701804549e-01,-3.290769533328046781e-01,-1.761090765531595492e+00,1.161942920747775165e+00
-6.569524476855479911e+00,-2.496493619797965469e+00,-2.656731286667196379e+00,-2.261044642324129050e+00,-5.899765700121728518e-01
-8.715242801796282635e+00,-1.687608335676228810e+00,-1.852012101148237111e-01,-2.955378887068184746e+00,-1.397210280809003669e+00
-5.518567997110409351e+00,-3.826975267494882038e-01,2.624888470294953202e-02,-1.908784287888368514e+00,-1.459778213956185011e+00
-3.854993505973506096e+00,2.892835278528833598e-01,1.893778769592221245e+00,-8.235921993718319234e-01,-1.576164396139906332e-01
-2.954443604773008047e+00,4.875667667877544575e-01,1.416590069700950139e+00,-3.580981659833473163e-01,7.187576395618792136e-01
-7.681438968980132120e-01,6.331202298699331044e-01,6.212489902815154785e-02,1.955925286284262210e+00,-7.379983883916314547e-01
-3.557545139501862019e-01,-3.223196856984655856e-01,-1.432670794705895645e+00,6.301655062337732094e-01,2.212699722028733662e-01
1.265259585689514354e-01,3.710410197265631149e-01,6.301112905079451210e-01,8.324207366910005845e-01,2.048946512810384313e+00
9.955558197872071968e-01,1.324046791057631678e+00,1.145540599703765983e+00,1.396172141928445187e+00,1.516998428959386525e+00
2.009001490879865237e+00,2.081795483561587723e+00,-2.805482732516941802e-01,1.652629125101997332e+00,1.826229257799775851e+00
5.258802852004325956e+00,9.210975217644699065e-01,-1.176989858111463061e+00,2.683028162240050474e+00,8.771479066646340472e-01
2.663653433791976610e+00,-5.450105090842831679e-01,-7.133157546697702633e-01,2.223881066468027523e+00,-4.120160287034471125e-01
3.335396124869787204e+00,-1.730001874423970243e+00,-1.260313674912575399e+00,4.214080115147497141e-01,-3.329477752001286373e-02
